"","subj","trial","condition","RT"
"1",1,0,"Congruent",1484
"2",1,1,"Incongruent",1316
"3",1,2,"Incongruent",628
"4",1,3,"Congruent",511
"5",1,4,"Congruent",509
"6",1,5,"Incongruent",903
"7",1,6,"Incongruent",759
"8",1,7,"Incongruent",1133
"9",1,8,"Incongruent",678
"10",1,9,"Incongruent",785
"11",1,10,"Incongruent",899
"12",1,11,"Congruent",603
"13",1,12,"Incongruent",961
"14",1,13,"Congruent",1098
"15",1,14,"Incongruent",666
"16",1,15,"Incongruent",885
"17",1,16,"Incongruent",487
"18",1,17,"Incongruent",525
"19",1,18,"Congruent",660
"20",1,19,"Incongruent",833
"21",1,20,"Congruent",609
"22",1,21,"Congruent",532
"23",1,22,"Incongruent",672
"24",1,23,"Incongruent",806
"25",1,24,"Incongruent",770
"26",1,25,"Congruent",634
"27",1,26,"Incongruent",906
"28",1,27,"Congruent",577
"29",1,28,"Incongruent",660
"30",1,29,"Congruent",573
"31",1,30,"Incongruent",992
"32",1,31,"Incongruent",555
"33",1,32,"Incongruent",727
"34",1,33,"Congruent",583
"35",1,34,"Incongruent",1177
"36",1,35,"Incongruent",903
"37",1,36,"Incongruent",773
"38",1,37,"Congruent",413
"39",1,38,"Incongruent",863
"40",1,39,"Incongruent",738
"41",1,40,"Incongruent",567
"42",1,41,"Incongruent",922
"43",1,42,"Incongruent",660
"44",1,43,"Congruent",592
"45",1,44,"Incongruent",593
"46",1,45,"Congruent",743
"47",1,46,"Incongruent",420
"48",1,47,"Congruent",547
"49",1,48,"Incongruent",483
"50",1,49,"Incongruent",787
"51",1,50,"Incongruent",881
"52",1,51,"Congruent",650
"53",1,52,"Incongruent",1092
"54",1,53,"Incongruent",620
"55",1,54,"Congruent",995
"56",1,55,"Incongruent",583
"57",1,56,"Congruent",609
"58",1,57,"Congruent",414
"59",1,58,"Incongruent",965
"60",1,59,"Incongruent",722
"61",1,60,"Incongruent",762
"62",1,61,"Congruent",645
"63",1,62,"Incongruent",873
"64",11,0,"Congruent",1147
"65",11,1,"Incongruent",535
"66",11,2,"Incongruent",571
"67",11,3,"Congruent",514
"68",11,4,"Congruent",451
"69",11,5,"Incongruent",1018
"70",11,6,"Incongruent",433
"71",11,7,"Incongruent",444
"72",11,8,"Incongruent",517
"73",11,9,"Incongruent",482
"74",11,10,"Congruent",484
"75",11,11,"Incongruent",524
"76",11,12,"Congruent",553
"77",11,13,"Incongruent",498
"78",11,14,"Incongruent",651
"79",11,15,"Incongruent",529
"80",11,16,"Congruent",387
"81",11,18,"Incongruent",576
"82",11,19,"Incongruent",701
"83",11,20,"Incongruent",588
"84",11,21,"Incongruent",635
"85",11,22,"Incongruent",541
"86",11,23,"Congruent",616
"87",11,24,"Incongruent",439
"88",11,25,"Congruent",375
"89",11,26,"Incongruent",377
"90",11,27,"Congruent",374
"91",11,28,"Incongruent",482
"92",11,29,"Incongruent",362
"93",11,30,"Congruent",345
"94",11,31,"Incongruent",349
"95",11,32,"Incongruent",365
"96",11,33,"Incongruent",642
"97",11,34,"Congruent",663
"98",11,35,"Congruent",548
"99",11,36,"Congruent",503
"100",11,37,"Incongruent",473
"101",11,38,"Incongruent",487
"102",11,39,"Congruent",674
"103",11,40,"Incongruent",656
"104",11,41,"Incongruent",502
"105",11,42,"Incongruent",641
"106",11,43,"Incongruent",634
"107",11,44,"Incongruent",624
"108",11,45,"Congruent",539
"109",11,46,"Incongruent",726
"110",11,47,"Congruent",563
"111",11,48,"Incongruent",575
"112",11,49,"Congruent",616
"113",11,50,"Incongruent",448
"114",11,51,"Incongruent",365
"115",11,52,"Incongruent",469
"116",11,53,"Congruent",397
"117",11,54,"Incongruent",444
"118",11,55,"Congruent",451
"119",11,56,"Incongruent",427
"120",11,57,"Incongruent",515
"121",11,58,"Incongruent",651
"122",11,61,"Congruent",749
"123",11,62,"Incongruent",727
"124",15,0,"Congruent",1663
"125",15,1,"Congruent",702
"126",15,2,"Incongruent",591
"127",15,3,"Incongruent",643
"128",15,4,"Congruent",650
"129",15,5,"Incongruent",399
"130",15,6,"Incongruent",626
"131",15,7,"Incongruent",482
"132",15,8,"Incongruent",811
"133",15,9,"Incongruent",575
"134",15,10,"Congruent",418
"135",15,11,"Congruent",458
"136",15,12,"Incongruent",483
"137",15,13,"Incongruent",455
"138",15,14,"Incongruent",559
"139",15,15,"Incongruent",587
"140",15,16,"Incongruent",466
"141",15,17,"Incongruent",447
"142",15,18,"Congruent",434
"143",15,19,"Congruent",376
"144",15,20,"Incongruent",655
"145",15,21,"Incongruent",417
"146",15,22,"Incongruent",712
"147",15,23,"Congruent",698
"148",15,24,"Congruent",489
"149",15,25,"Incongruent",625
"150",15,26,"Incongruent",926
"151",15,27,"Incongruent",571
"152",15,28,"Incongruent",849
"153",15,29,"Congruent",508
"154",15,30,"Congruent",613
"155",15,31,"Congruent",588
"156",15,32,"Incongruent",614
"157",15,34,"Incongruent",1099
"158",15,35,"Incongruent",456
"159",15,36,"Incongruent",597
"160",15,37,"Incongruent",598
"161",15,38,"Congruent",572
"162",15,39,"Incongruent",631
"163",15,40,"Congruent",676
"164",15,41,"Incongruent",768
"165",15,42,"Incongruent",541
"166",15,43,"Incongruent",538
"167",15,44,"Incongruent",510
"168",15,45,"Congruent",501
"169",15,46,"Incongruent",598
"170",15,47,"Congruent",388
"171",15,48,"Congruent",505
"172",15,49,"Incongruent",484
"173",15,50,"Incongruent",611
"174",15,51,"Incongruent",513
"175",15,52,"Congruent",562
"176",15,53,"Incongruent",516
"177",15,54,"Congruent",637
"178",15,55,"Incongruent",516
"179",15,56,"Incongruent",434
"180",15,57,"Incongruent",465
"181",15,58,"Incongruent",538
"182",15,59,"Congruent",554
"183",15,60,"Incongruent",329
"184",15,61,"Incongruent",355
"185",15,62,"Congruent",419
"186",18,0,"Incongruent",2021
"187",18,1,"Congruent",834
"188",18,3,"Congruent",755
"189",18,4,"Congruent",778
"190",18,6,"Incongruent",1048
"191",18,7,"Incongruent",1039
"192",18,8,"Incongruent",777
"193",18,9,"Incongruent",560
"194",18,10,"Congruent",595
"195",18,11,"Incongruent",1503
"196",18,12,"Incongruent",961
"197",18,13,"Incongruent",551
"198",18,14,"Incongruent",750
"199",18,15,"Incongruent",481
"200",18,16,"Congruent",650
"201",18,17,"Incongruent",799
"202",18,18,"Incongruent",1023
"203",18,19,"Congruent",623
"204",18,20,"Incongruent",914
"205",18,21,"Incongruent",739
"206",18,23,"Incongruent",707
"207",18,24,"Congruent",457
"208",18,25,"Congruent",664
"209",18,26,"Incongruent",585
"210",18,27,"Congruent",564
"211",18,28,"Incongruent",1341
"212",18,29,"Congruent",733
"213",18,30,"Congruent",518
"214",18,33,"Incongruent",959
"215",18,34,"Incongruent",574
"216",18,35,"Incongruent",496
"217",18,36,"Incongruent",737
"218",18,37,"Congruent",507
"219",18,38,"Incongruent",613
"220",18,39,"Congruent",536
"221",18,40,"Congruent",551
"222",18,41,"Incongruent",1060
"223",18,44,"Congruent",641
"224",18,45,"Incongruent",598
"225",18,46,"Congruent",525
"226",18,47,"Incongruent",1566
"227",18,48,"Incongruent",569
"228",18,49,"Incongruent",538
"229",18,50,"Congruent",501
"230",18,51,"Incongruent",525
"231",18,53,"Congruent",1950
"232",18,54,"Incongruent",680
"233",18,55,"Incongruent",741
"234",18,56,"Congruent",372
"235",18,57,"Incongruent",378
"236",18,58,"Incongruent",624
"237",18,59,"Incongruent",437
"238",18,60,"Congruent",627
"239",18,61,"Incongruent",824
"240",18,62,"Incongruent",1146
"241",19,0,"Congruent",1494
"242",19,1,"Incongruent",626
"243",19,2,"Incongruent",373
"244",19,3,"Congruent",484
"245",19,4,"Incongruent",453
"246",19,5,"Congruent",535
"247",19,6,"Incongruent",543
"248",19,7,"Incongruent",414
"249",19,8,"Incongruent",420
"250",19,10,"Incongruent",1070
"251",19,11,"Congruent",526
"252",19,12,"Incongruent",659
"253",19,13,"Incongruent",733
"254",19,14,"Incongruent",582
"255",19,15,"Incongruent",632
"256",19,16,"Congruent",654
"257",19,17,"Congruent",556
"258",19,19,"Incongruent",1799
"259",19,20,"Incongruent",607
"260",19,21,"Congruent",599
"261",19,22,"Incongruent",665
"262",19,23,"Incongruent",516
"263",19,24,"Incongruent",398
"264",19,25,"Congruent",462
"265",19,26,"Congruent",561
"266",19,27,"Incongruent",848
"267",19,28,"Incongruent",347
"268",19,29,"Incongruent",425
"269",19,30,"Incongruent",592
"270",19,31,"Incongruent",434
"271",19,32,"Congruent",660
"272",19,33,"Incongruent",490
"273",19,34,"Incongruent",426
"274",19,35,"Incongruent",592
"275",19,36,"Congruent",549
"276",19,37,"Congruent",408
"277",19,38,"Incongruent",759
"278",19,39,"Incongruent",478
"279",19,40,"Incongruent",372
"280",19,41,"Congruent",485
"281",19,42,"Incongruent",535
"282",19,43,"Incongruent",479
"283",19,44,"Congruent",495
"284",19,45,"Incongruent",784
"285",19,46,"Congruent",425
"286",19,47,"Incongruent",473
"287",19,48,"Incongruent",833
"288",19,49,"Incongruent",448
"289",19,50,"Congruent",387
"290",19,51,"Congruent",522
"291",19,52,"Incongruent",744
"292",19,53,"Incongruent",479
"293",19,54,"Congruent",488
"294",19,55,"Incongruent",415
"295",19,56,"Incongruent",454
"296",19,57,"Incongruent",336
"297",19,58,"Congruent",377
"298",19,59,"Incongruent",527
"299",19,60,"Congruent",359
"300",19,61,"Incongruent",828
"301",19,62,"Incongruent",551
"302",24,0,"Congruent",1523
"303",24,1,"Congruent",599
"304",24,2,"Incongruent",566
"305",24,3,"Incongruent",683
"306",24,4,"Incongruent",648
"307",24,5,"Incongruent",519
"308",24,6,"Incongruent",463
"309",24,7,"Congruent",559
"310",24,8,"Incongruent",729
"311",24,9,"Incongruent",921
"312",24,10,"Incongruent",619
"313",24,11,"Incongruent",481
"314",24,13,"Incongruent",813
"315",24,14,"Incongruent",708
"316",24,15,"Congruent",719
"317",24,16,"Incongruent",724
"318",24,17,"Congruent",661
"319",24,18,"Incongruent",559
"320",24,19,"Incongruent",710
"321",24,20,"Incongruent",660
"322",24,21,"Congruent",497
"323",24,22,"Incongruent",752
"324",24,23,"Congruent",538
"325",24,24,"Incongruent",492
"326",24,25,"Congruent",604
"327",24,26,"Incongruent",618
"328",24,27,"Congruent",629
"329",24,28,"Incongruent",625
"330",24,29,"Incongruent",687
"331",24,30,"Incongruent",570
"332",24,31,"Incongruent",469
"333",24,32,"Incongruent",494
"334",24,33,"Incongruent",671
"335",24,34,"Congruent",613
"336",24,35,"Congruent",514
"337",24,36,"Congruent",747
"338",24,37,"Incongruent",683
"339",24,38,"Incongruent",671
"340",24,39,"Congruent",694
"341",24,40,"Incongruent",668
"342",24,41,"Incongruent",662
"343",24,42,"Incongruent",554
"344",24,43,"Congruent",593
"345",24,44,"Incongruent",577
"346",24,45,"Incongruent",726
"347",24,46,"Incongruent",743
"348",24,47,"Congruent",563
"349",24,48,"Congruent",584
"350",24,49,"Incongruent",595
"351",24,50,"Incongruent",550
"352",24,52,"Congruent",612
"353",24,53,"Incongruent",1047
"354",24,54,"Incongruent",618
"355",24,56,"Incongruent",1774
"356",24,57,"Incongruent",2151
"357",24,58,"Incongruent",886
"358",24,59,"Congruent",872
"359",24,60,"Incongruent",613
"360",24,61,"Incongruent",1471
"361",24,62,"Congruent",730
"362",36,0,"Congruent",935
"363",36,1,"Incongruent",377
"364",36,2,"Congruent",345
"365",36,3,"Congruent",280
"366",36,4,"Incongruent",536
"367",36,5,"Incongruent",511
"368",36,6,"Incongruent",762
"369",36,7,"Incongruent",393
"370",36,8,"Incongruent",639
"371",36,9,"Congruent",452
"372",36,10,"Incongruent",604
"373",36,11,"Incongruent",688
"374",36,12,"Congruent",482
"375",36,13,"Incongruent",619
"376",36,14,"Incongruent",538
"377",36,15,"Incongruent",494
"378",36,17,"Congruent",826
"379",36,19,"Incongruent",1058
"380",36,20,"Congruent",664
"381",36,21,"Incongruent",522
"382",36,22,"Congruent",410
"383",36,23,"Incongruent",590
"384",36,24,"Incongruent",386
"385",36,25,"Incongruent",600
"386",36,26,"Incongruent",622
"387",36,27,"Incongruent",543
"388",36,28,"Incongruent",530
"389",36,29,"Congruent",477
"390",36,30,"Congruent",548
"391",36,32,"Congruent",1371
"392",36,34,"Incongruent",943
"393",36,35,"Incongruent",1556
"394",36,36,"Incongruent",577
"395",36,37,"Congruent",570
"396",36,38,"Incongruent",631
"397",36,39,"Congruent",548
"398",36,40,"Incongruent",518
"399",36,41,"Incongruent",616
"400",36,42,"Congruent",551
"401",36,43,"Incongruent",860
"402",36,44,"Incongruent",536
"403",36,45,"Incongruent",561
"404",36,46,"Incongruent",474
"405",36,47,"Incongruent",594
"406",36,48,"Incongruent",522
"407",36,49,"Incongruent",419
"408",36,50,"Congruent",442
"409",36,51,"Congruent",419
"410",36,52,"Congruent",482
"411",36,53,"Congruent",466
"412",36,54,"Incongruent",443
"413",36,55,"Incongruent",548
"414",36,56,"Incongruent",418
"415",36,57,"Incongruent",448
"416",36,58,"Incongruent",452
"417",36,59,"Incongruent",504
"418",36,60,"Congruent",525
"419",36,61,"Congruent",435
"420",36,62,"Incongruent",390
"421",38,1,"Incongruent",794
"422",38,2,"Congruent",670
"423",38,3,"Incongruent",475
"424",38,4,"Incongruent",558
"425",38,5,"Incongruent",462
"426",38,6,"Congruent",569
"427",38,7,"Incongruent",437
"428",38,8,"Incongruent",652
"429",38,9,"Congruent",477
"430",38,10,"Incongruent",762
"431",38,11,"Incongruent",477
"432",38,12,"Congruent",556
"433",38,13,"Incongruent",591
"434",38,14,"Incongruent",577
"435",38,15,"Congruent",582
"436",38,16,"Congruent",594
"437",38,17,"Incongruent",635
"438",38,18,"Congruent",570
"439",38,19,"Congruent",533
"440",38,20,"Incongruent",432
"441",38,21,"Incongruent",538
"442",38,22,"Incongruent",493
"443",38,23,"Congruent",482
"444",38,24,"Incongruent",651
"445",38,25,"Incongruent",528
"446",38,26,"Congruent",536
"447",38,27,"Incongruent",515
"448",38,28,"Incongruent",378
"449",38,29,"Congruent",580
"450",38,30,"Incongruent",590
"451",38,31,"Incongruent",663
"452",38,32,"Incongruent",472
"453",38,33,"Congruent",416
"454",38,34,"Incongruent",527
"455",38,35,"Incongruent",721
"456",38,36,"Congruent",551
"457",38,37,"Incongruent",567
"458",38,38,"Congruent",555
"459",38,39,"Incongruent",432
"460",38,40,"Incongruent",483
"461",38,41,"Congruent",535
"462",38,42,"Incongruent",506
"463",38,43,"Incongruent",552
"464",38,44,"Incongruent",484
"465",38,45,"Incongruent",652
"466",38,46,"Incongruent",443
"467",38,47,"Incongruent",569
"468",38,48,"Incongruent",589
"469",38,49,"Congruent",738
"470",38,50,"Congruent",801
"471",38,51,"Incongruent",552
"472",38,52,"Congruent",404
"473",38,53,"Congruent",523
"474",38,54,"Incongruent",565
"475",38,55,"Incongruent",600
"476",38,56,"Incongruent",513
"477",38,57,"Incongruent",548
"478",38,58,"Incongruent",672
"479",38,59,"Incongruent",549
"480",38,60,"Incongruent",486
"481",38,61,"Congruent",528
"482",38,62,"Congruent",570
"483",45,0,"Incongruent",1023
"484",45,1,"Incongruent",497
"485",45,2,"Incongruent",1221
"486",45,3,"Congruent",500
"487",45,4,"Congruent",461
"488",45,5,"Congruent",436
"489",45,6,"Incongruent",597
"490",45,7,"Incongruent",392
"491",45,8,"Incongruent",514
"492",45,9,"Incongruent",549
"493",45,10,"Incongruent",683
"494",45,11,"Incongruent",513
"495",45,12,"Congruent",475
"496",45,13,"Incongruent",518
"497",45,14,"Congruent",388
"498",45,15,"Incongruent",565
"499",45,16,"Congruent",471
"500",45,17,"Incongruent",401
"501",45,18,"Congruent",496
"502",45,19,"Incongruent",559
"503",45,20,"Incongruent",572
"504",45,21,"Congruent",802
"505",45,22,"Incongruent",486
"506",45,23,"Incongruent",528
"507",45,24,"Incongruent",523
"508",45,25,"Congruent",436
"509",45,26,"Congruent",421
"510",45,28,"Incongruent",562
"511",45,29,"Congruent",614
"512",45,30,"Incongruent",594
"513",45,31,"Incongruent",592
"514",45,32,"Incongruent",474
"515",45,33,"Incongruent",643
"516",45,34,"Incongruent",553
"517",45,35,"Congruent",644
"518",45,36,"Congruent",608
"519",45,37,"Incongruent",580
"520",45,38,"Incongruent",511
"521",45,39,"Incongruent",429
"522",45,40,"Incongruent",452
"523",45,41,"Congruent",489
"524",45,42,"Congruent",601
"525",45,43,"Congruent",506
"526",45,44,"Incongruent",380
"527",45,45,"Incongruent",554
"528",45,46,"Incongruent",486
"529",45,47,"Incongruent",583
"530",45,48,"Incongruent",722
"531",45,49,"Incongruent",424
"532",45,50,"Congruent",665
"533",45,51,"Incongruent",662
"534",45,52,"Congruent",724
"535",45,53,"Incongruent",440
"536",45,54,"Incongruent",434
"537",45,55,"Incongruent",586
"538",45,56,"Incongruent",701
"539",45,57,"Incongruent",436
"540",45,58,"Congruent",593
"541",45,59,"Congruent",526
"542",45,60,"Congruent",528
"543",45,61,"Incongruent",697
"544",45,62,"Incongruent",400
"545",48,0,"Incongruent",1691
"546",48,1,"Congruent",938
"547",48,3,"Congruent",595
"548",48,4,"Incongruent",454
"549",48,5,"Incongruent",693
"550",48,6,"Incongruent",450
"551",48,7,"Congruent",606
"552",48,8,"Congruent",443
"553",48,9,"Incongruent",770
"554",48,10,"Congruent",602
"555",48,11,"Incongruent",848
"556",48,12,"Incongruent",674
"557",48,14,"Incongruent",1015
"558",48,15,"Incongruent",702
"559",48,16,"Incongruent",549
"560",48,17,"Incongruent",392
"561",48,18,"Congruent",391
"562",48,19,"Incongruent",786
"563",48,21,"Incongruent",750
"564",48,22,"Incongruent",865
"565",48,23,"Congruent",398
"566",48,24,"Congruent",664
"567",48,25,"Incongruent",565
"568",48,26,"Congruent",450
"569",48,27,"Incongruent",512
"570",48,28,"Incongruent",345
"571",48,29,"Incongruent",678
"572",48,31,"Congruent",670
"573",48,32,"Congruent",444
"574",48,33,"Incongruent",572
"575",48,34,"Incongruent",454
"576",48,35,"Congruent",520
"577",48,36,"Incongruent",736
"578",48,37,"Incongruent",626
"579",48,38,"Incongruent",749
"580",48,39,"Incongruent",539
"581",48,40,"Incongruent",743
"582",48,41,"Congruent",515
"583",48,42,"Congruent",796
"584",48,43,"Incongruent",593
"585",48,44,"Incongruent",694
"586",48,45,"Congruent",387
"587",48,46,"Incongruent",706
"588",48,47,"Congruent",504
"589",48,48,"Incongruent",618
"590",48,49,"Incongruent",613
"591",48,50,"Incongruent",504
"592",48,51,"Incongruent",403
"593",48,52,"Incongruent",754
"594",48,53,"Incongruent",606
"595",48,54,"Congruent",501
"596",48,55,"Incongruent",671
"597",48,56,"Congruent",636
"598",48,57,"Incongruent",937
"599",48,58,"Incongruent",725
"600",48,59,"Incongruent",797
"601",48,60,"Congruent",606
"602",48,61,"Incongruent",563
"603",48,62,"Congruent",389
"604",2,0,"Congruent",1771
"605",2,2,"Congruent",576
"606",2,4,"Incongruent",920
"607",2,6,"Congruent",704
"608",2,7,"Incongruent",1154
"609",2,8,"Congruent",648
"610",2,9,"Incongruent",699
"611",2,10,"Incongruent",881
"612",2,11,"Incongruent",577
"613",2,12,"Incongruent",458
"614",2,13,"Incongruent",652
"615",2,14,"Incongruent",529
"616",2,15,"Congruent",427
"617",2,16,"Congruent",651
"618",2,17,"Congruent",459
"619",2,18,"Incongruent",402
"620",2,19,"Incongruent",555
"621",2,22,"Incongruent",2130
"622",2,23,"Incongruent",422
"623",2,24,"Incongruent",700
"624",2,25,"Congruent",554
"625",2,26,"Incongruent",757
"626",2,27,"Incongruent",763
"627",2,28,"Congruent",736
"628",2,29,"Incongruent",690
"629",2,30,"Congruent",442
"630",2,31,"Incongruent",817
"631",2,32,"Congruent",499
"632",2,33,"Incongruent",675
"633",2,34,"Incongruent",705
"634",2,35,"Congruent",687
"635",2,36,"Incongruent",620
"636",2,37,"Congruent",544
"637",2,38,"Congruent",650
"638",2,39,"Incongruent",560
"639",2,40,"Incongruent",613
"640",2,41,"Incongruent",1380
"641",2,42,"Incongruent",1090
"642",2,43,"Congruent",613
"643",2,45,"Incongruent",1292
"644",2,46,"Congruent",538
"645",2,47,"Congruent",509
"646",2,48,"Incongruent",654
"647",2,49,"Incongruent",628
"648",2,50,"Incongruent",1216
"649",2,51,"Incongruent",516
"650",2,52,"Incongruent",1025
"651",2,53,"Incongruent",591
"652",2,54,"Congruent",692
"653",2,55,"Congruent",530
"654",2,57,"Congruent",579
"655",2,58,"Incongruent",566
"656",2,59,"Incongruent",674
"657",2,60,"Congruent",437
"658",2,61,"Incongruent",662
"659",2,62,"Incongruent",764
"660",3,0,"Congruent",1148
"661",3,1,"Incongruent",615
"662",3,2,"Incongruent",445
"663",3,3,"Congruent",399
"664",3,4,"Incongruent",364
"665",3,5,"Incongruent",424
"666",3,6,"Incongruent",412
"667",3,7,"Incongruent",282
"668",3,8,"Incongruent",278
"669",3,9,"Incongruent",599
"670",3,10,"Incongruent",396
"671",3,11,"Congruent",456
"672",3,12,"Incongruent",429
"673",3,13,"Congruent",465
"674",3,14,"Incongruent",309
"675",3,15,"Congruent",558
"676",3,17,"Congruent",556
"677",3,18,"Incongruent",581
"678",3,19,"Incongruent",496
"679",3,20,"Incongruent",506
"680",3,21,"Incongruent",331
"681",3,22,"Incongruent",467
"682",3,23,"Congruent",336
"683",3,24,"Congruent",476
"684",3,25,"Incongruent",493
"685",3,28,"Incongruent",1636
"686",3,29,"Incongruent",556
"687",3,30,"Incongruent",329
"688",3,31,"Congruent",276
"689",3,32,"Incongruent",308
"690",3,33,"Incongruent",447
"691",3,34,"Congruent",521
"692",3,35,"Congruent",366
"693",3,36,"Incongruent",664
"694",3,37,"Congruent",393
"695",3,38,"Incongruent",379
"696",3,39,"Incongruent",726
"697",3,40,"Congruent",414
"698",3,42,"Incongruent",543
"699",3,43,"Congruent",562
"700",3,44,"Incongruent",413
"701",3,45,"Incongruent",378
"702",3,46,"Incongruent",557
"703",3,47,"Incongruent",404
"704",3,48,"Incongruent",492
"705",3,50,"Incongruent",757
"706",3,51,"Incongruent",619
"707",3,52,"Incongruent",610
"708",3,53,"Congruent",502
"709",3,54,"Incongruent",543
"710",3,55,"Congruent",663
"711",3,56,"Incongruent",402
"712",3,57,"Incongruent",566
"713",3,58,"Congruent",511
"714",3,59,"Incongruent",526
"715",3,60,"Incongruent",735
"716",3,62,"Congruent",467
"717",4,0,"Incongruent",1334
"718",4,1,"Congruent",471
"719",4,2,"Incongruent",583
"720",4,3,"Congruent",494
"721",4,4,"Incongruent",481
"722",4,5,"Incongruent",529
"723",4,6,"Incongruent",401
"724",4,7,"Incongruent",464
"725",4,8,"Incongruent",378
"726",4,9,"Incongruent",494
"727",4,10,"Incongruent",531
"728",4,11,"Congruent",615
"729",4,12,"Congruent",482
"730",4,13,"Incongruent",497
"731",4,14,"Congruent",465
"732",4,15,"Incongruent",921
"733",4,16,"Congruent",701
"734",4,17,"Incongruent",509
"735",4,18,"Incongruent",414
"736",4,19,"Incongruent",624
"737",4,20,"Incongruent",671
"738",4,21,"Congruent",494
"739",4,22,"Incongruent",853
"740",4,23,"Incongruent",474
"741",4,24,"Congruent",679
"742",4,25,"Congruent",563
"743",4,26,"Incongruent",579
"744",4,27,"Incongruent",528
"745",4,28,"Congruent",441
"746",4,29,"Congruent",487
"747",4,31,"Incongruent",719
"748",4,32,"Incongruent",1001
"749",4,33,"Incongruent",784
"750",4,34,"Congruent",550
"751",4,35,"Incongruent",929
"752",4,36,"Incongruent",549
"753",4,37,"Incongruent",455
"754",4,38,"Incongruent",479
"755",4,39,"Incongruent",643
"756",4,40,"Incongruent",580
"757",4,41,"Congruent",662
"758",4,42,"Congruent",457
"759",4,43,"Congruent",493
"760",4,44,"Incongruent",562
"761",4,45,"Incongruent",582
"762",4,46,"Incongruent",630
"763",4,47,"Incongruent",624
"764",4,48,"Congruent",506
"765",4,49,"Incongruent",673
"766",4,50,"Incongruent",718
"767",4,51,"Incongruent",554
"768",4,52,"Congruent",521
"769",4,53,"Incongruent",579
"770",4,54,"Congruent",615
"771",4,55,"Congruent",516
"772",4,56,"Congruent",560
"773",4,57,"Congruent",504
"774",4,58,"Incongruent",718
"775",4,59,"Incongruent",681
"776",4,60,"Incongruent",457
"777",4,61,"Incongruent",577
"778",4,62,"Incongruent",719
"779",5,1,"Incongruent",782
"780",5,2,"Incongruent",808
"781",5,3,"Congruent",519
"782",5,4,"Incongruent",495
"783",5,5,"Incongruent",569
"784",5,6,"Congruent",431
"785",5,8,"Congruent",760
"786",5,9,"Congruent",674
"787",5,10,"Incongruent",673
"788",5,11,"Incongruent",664
"789",5,12,"Incongruent",545
"790",5,13,"Incongruent",495
"791",5,14,"Congruent",552
"792",5,15,"Congruent",559
"793",5,16,"Incongruent",571
"794",5,17,"Incongruent",531
"795",5,18,"Congruent",746
"796",5,19,"Incongruent",729
"797",5,20,"Incongruent",600
"798",5,21,"Incongruent",461
"799",5,22,"Congruent",586
"800",5,23,"Congruent",536
"801",5,24,"Incongruent",706
"802",5,25,"Incongruent",457
"803",5,26,"Incongruent",672
"804",5,27,"Incongruent",489
"805",5,28,"Incongruent",626
"806",5,29,"Congruent",440
"807",5,30,"Congruent",585
"808",5,31,"Incongruent",760
"809",5,32,"Congruent",659
"810",5,33,"Incongruent",536
"811",5,34,"Congruent",394
"812",5,35,"Incongruent",543
"813",5,36,"Incongruent",625
"814",5,37,"Incongruent",684
"815",5,38,"Incongruent",546
"816",5,39,"Incongruent",585
"817",5,40,"Incongruent",594
"818",5,41,"Congruent",481
"819",5,42,"Incongruent",646
"820",5,43,"Incongruent",626
"821",5,44,"Incongruent",602
"822",5,45,"Incongruent",658
"823",5,46,"Congruent",608
"824",5,47,"Congruent",666
"825",5,48,"Incongruent",682
"826",5,49,"Incongruent",649
"827",5,50,"Incongruent",641
"828",5,51,"Congruent",631
"829",5,52,"Congruent",528
"830",5,53,"Incongruent",605
"831",5,54,"Incongruent",559
"832",5,55,"Incongruent",499
"833",5,56,"Congruent",535
"834",5,57,"Congruent",578
"835",5,58,"Incongruent",602
"836",5,59,"Incongruent",720
"837",5,60,"Incongruent",720
"838",5,61,"Congruent",597
"839",5,62,"Incongruent",456
"840",6,0,"Incongruent",1919
"841",6,1,"Incongruent",1750
"842",6,2,"Incongruent",607
"843",6,3,"Congruent",363
"844",6,4,"Congruent",473
"845",6,5,"Incongruent",633
"846",6,6,"Incongruent",517
"847",6,7,"Congruent",529
"848",6,8,"Incongruent",562
"849",6,9,"Incongruent",559
"850",6,10,"Incongruent",658
"851",6,11,"Incongruent",815
"852",6,12,"Congruent",560
"853",6,13,"Incongruent",555
"854",6,14,"Congruent",509
"855",6,15,"Incongruent",541
"856",6,16,"Incongruent",587
"857",6,17,"Incongruent",501
"858",6,18,"Congruent",558
"859",6,19,"Incongruent",561
"860",6,20,"Incongruent",568
"861",6,21,"Congruent",386
"862",6,22,"Incongruent",556
"863",6,23,"Incongruent",480
"864",6,24,"Incongruent",414
"865",6,25,"Incongruent",424
"866",6,26,"Congruent",566
"867",6,27,"Congruent",602
"868",6,28,"Congruent",556
"869",6,29,"Incongruent",1104
"870",6,30,"Incongruent",632
"871",6,31,"Congruent",581
"872",6,32,"Incongruent",552
"873",6,33,"Congruent",633
"874",6,34,"Incongruent",584
"875",6,35,"Incongruent",722
"876",6,36,"Congruent",508
"877",6,37,"Incongruent",655
"878",6,38,"Incongruent",531
"879",6,39,"Congruent",417
"880",6,40,"Incongruent",533
"881",6,41,"Congruent",568
"882",6,42,"Incongruent",431
"883",6,43,"Congruent",490
"884",6,44,"Incongruent",525
"885",6,45,"Incongruent",666
"886",6,46,"Incongruent",772
"887",6,47,"Incongruent",556
"888",6,48,"Incongruent",679
"889",6,49,"Incongruent",355
"890",6,50,"Incongruent",338
"891",6,51,"Incongruent",383
"892",6,52,"Congruent",517
"893",6,53,"Incongruent",607
"894",6,54,"Congruent",555
"895",6,55,"Incongruent",692
"896",6,56,"Incongruent",401
"897",6,57,"Congruent",508
"898",6,58,"Incongruent",467
"899",6,59,"Congruent",436
"900",6,60,"Incongruent",709
"901",6,61,"Congruent",417
"902",6,62,"Incongruent",498
"903",7,0,"Incongruent",2241
"904",7,1,"Congruent",713
"905",7,2,"Incongruent",731
"906",7,3,"Incongruent",542
"907",7,4,"Congruent",693
"908",7,5,"Congruent",499
"909",7,6,"Incongruent",817
"910",7,7,"Incongruent",742
"911",7,8,"Congruent",564
"912",7,9,"Incongruent",1594
"913",7,10,"Congruent",567
"914",7,11,"Incongruent",601
"915",7,12,"Incongruent",733
"916",7,13,"Incongruent",789
"917",7,14,"Incongruent",820
"918",7,15,"Incongruent",741
"919",7,16,"Incongruent",622
"920",7,17,"Incongruent",644
"921",7,18,"Congruent",524
"922",7,19,"Congruent",641
"923",7,20,"Incongruent",451
"924",7,21,"Incongruent",596
"925",7,22,"Incongruent",8936
"926",7,23,"Incongruent",560
"927",7,24,"Incongruent",479
"928",7,25,"Congruent",498
"929",7,26,"Incongruent",467
"930",7,27,"Incongruent",532
"931",7,28,"Congruent",630
"932",7,29,"Congruent",507
"933",7,30,"Congruent",414
"934",7,31,"Incongruent",893
"935",7,32,"Incongruent",463
"936",7,33,"Congruent",598
"937",7,34,"Congruent",395
"938",7,35,"Incongruent",460
"939",7,36,"Incongruent",590
"940",7,37,"Incongruent",593
"941",7,38,"Incongruent",549
"942",7,39,"Incongruent",503
"943",7,40,"Congruent",483
"944",7,41,"Incongruent",563
"945",7,42,"Congruent",433
"946",7,43,"Congruent",492
"947",7,44,"Incongruent",546
"948",7,45,"Incongruent",519
"949",7,46,"Incongruent",662
"950",7,47,"Congruent",710
"951",7,48,"Incongruent",488
"952",7,49,"Incongruent",408
"953",7,50,"Incongruent",384
"954",7,52,"Congruent",902
"955",7,53,"Congruent",627
"956",7,54,"Incongruent",596
"957",7,55,"Incongruent",538
"958",7,56,"Incongruent",637
"959",7,57,"Congruent",1041
"960",7,58,"Incongruent",1407
"961",7,59,"Incongruent",817
"962",7,60,"Incongruent",1106
"963",7,61,"Congruent",570
"964",7,62,"Incongruent",430
"965",8,0,"Congruent",1225
"966",8,1,"Congruent",633
"967",8,2,"Incongruent",1507
"968",8,3,"Incongruent",896
"969",8,4,"Incongruent",586
"970",8,5,"Incongruent",590
"971",8,6,"Incongruent",690
"972",8,7,"Incongruent",624
"973",8,8,"Congruent",580
"974",8,9,"Incongruent",568
"975",8,10,"Congruent",418
"976",8,11,"Incongruent",813
"977",8,12,"Incongruent",647
"978",8,13,"Incongruent",618
"979",8,14,"Congruent",692
"980",8,15,"Incongruent",364
"981",8,16,"Incongruent",418
"982",8,17,"Incongruent",639
"983",8,18,"Incongruent",446
"984",8,19,"Congruent",472
"985",8,20,"Incongruent",687
"986",8,21,"Incongruent",639
"987",8,22,"Congruent",640
"988",8,23,"Incongruent",633
"989",8,24,"Congruent",579
"990",8,25,"Congruent",623
"991",8,26,"Congruent",673
"992",8,27,"Incongruent",615
"993",8,28,"Incongruent",434
"994",8,29,"Incongruent",597
"995",8,30,"Congruent",431
"996",8,31,"Incongruent",472
"997",8,32,"Incongruent",775
"998",8,33,"Congruent",513
"999",8,34,"Incongruent",618
"1000",8,35,"Incongruent",814
"1001",8,36,"Congruent",536
"1002",8,37,"Incongruent",501
"1003",8,38,"Incongruent",440
"1004",8,39,"Incongruent",558
"1005",8,41,"Incongruent",491
"1006",8,42,"Congruent",494
"1007",8,43,"Congruent",526
"1008",8,44,"Incongruent",487
"1009",8,45,"Incongruent",511
"1010",8,46,"Incongruent",387
"1011",8,47,"Incongruent",608
"1012",8,48,"Incongruent",405
"1013",8,49,"Congruent",492
"1014",8,50,"Incongruent",397
"1015",8,51,"Incongruent",655
"1016",8,52,"Incongruent",504
"1017",8,53,"Congruent",401
"1018",8,54,"Congruent",415
"1019",8,55,"Incongruent",636
"1020",8,56,"Congruent",585
"1021",8,57,"Congruent",428
"1022",8,58,"Incongruent",350
"1023",8,59,"Congruent",578
"1024",8,60,"Incongruent",519
"1025",8,61,"Incongruent",567
"1026",9,1,"Incongruent",1440
"1027",9,3,"Congruent",858
"1028",9,4,"Congruent",716
"1029",9,5,"Congruent",733
"1030",9,7,"Incongruent",1263
"1031",9,8,"Incongruent",1835
"1032",9,9,"Incongruent",1158
"1033",9,10,"Congruent",1169
"1034",9,11,"Incongruent",939
"1035",9,12,"Congruent",616
"1036",9,13,"Incongruent",1418
"1037",9,14,"Incongruent",812
"1038",9,15,"Incongruent",1159
"1039",9,16,"Incongruent",728
"1040",9,17,"Incongruent",677
"1041",9,18,"Congruent",662
"1042",9,19,"Incongruent",682
"1043",9,20,"Congruent",688
"1044",9,21,"Incongruent",738
"1045",9,22,"Congruent",482
"1046",9,23,"Incongruent",623
"1047",9,24,"Incongruent",512
"1048",9,25,"Incongruent",429
"1049",9,26,"Incongruent",627
"1050",9,27,"Congruent",428
"1051",9,28,"Congruent",368
"1052",9,29,"Congruent",690
"1053",9,30,"Incongruent",423
"1054",9,31,"Incongruent",615
"1055",9,32,"Incongruent",582
"1056",9,33,"Incongruent",705
"1057",9,34,"Incongruent",567
"1058",9,35,"Incongruent",588
"1059",9,36,"Incongruent",629
"1060",9,37,"Congruent",419
"1061",9,38,"Incongruent",680
"1062",9,39,"Congruent",488
"1063",9,40,"Congruent",673
"1064",9,41,"Congruent",431
"1065",9,42,"Incongruent",400
"1066",9,43,"Incongruent",507
"1067",9,44,"Incongruent",566
"1068",9,45,"Incongruent",671
"1069",9,46,"Incongruent",398
"1070",9,47,"Congruent",523
"1071",9,48,"Incongruent",605
"1072",9,49,"Incongruent",552
"1073",9,50,"Congruent",389
"1074",9,51,"Incongruent",539
"1075",9,52,"Incongruent",478
"1076",9,53,"Congruent",519
"1077",9,54,"Incongruent",480
"1078",9,55,"Congruent",496
"1079",9,56,"Incongruent",657
"1080",9,57,"Incongruent",422
"1081",9,58,"Incongruent",594
"1082",9,59,"Incongruent",473
"1083",9,60,"Incongruent",394
"1084",9,61,"Congruent",403
"1085",9,62,"Congruent",542
"1086",10,0,"Incongruent",1320
"1087",10,1,"Incongruent",429
"1088",10,2,"Congruent",680
"1089",10,3,"Congruent",591
"1090",10,4,"Incongruent",551
"1091",10,6,"Incongruent",543
"1092",10,7,"Incongruent",483
"1093",10,8,"Incongruent",488
"1094",10,10,"Incongruent",655
"1095",10,11,"Congruent",400
"1096",10,12,"Incongruent",519
"1097",10,13,"Incongruent",440
"1098",10,14,"Congruent",382
"1099",10,15,"Incongruent",463
"1100",10,16,"Congruent",360
"1101",10,17,"Incongruent",597
"1102",10,18,"Congruent",516
"1103",10,19,"Incongruent",409
"1104",10,20,"Incongruent",447
"1105",10,21,"Incongruent",490
"1106",10,22,"Congruent",434
"1107",10,23,"Incongruent",485
"1108",10,24,"Incongruent",449
"1109",10,25,"Incongruent",418
"1110",10,26,"Incongruent",423
"1111",10,27,"Congruent",713
"1112",10,28,"Incongruent",466
"1113",10,31,"Congruent",528
"1114",10,32,"Incongruent",390
"1115",10,33,"Incongruent",448
"1116",10,34,"Congruent",634
"1117",10,35,"Congruent",625
"1118",10,36,"Incongruent",562
"1119",10,37,"Congruent",745
"1120",10,38,"Incongruent",601
"1121",10,39,"Congruent",418
"1122",10,40,"Congruent",505
"1123",10,41,"Incongruent",558
"1124",10,42,"Incongruent",472
"1125",10,43,"Incongruent",456
"1126",10,44,"Incongruent",513
"1127",10,45,"Incongruent",519
"1128",10,46,"Incongruent",480
"1129",10,47,"Congruent",616
"1130",10,48,"Congruent",462
"1131",10,50,"Congruent",608
"1132",10,51,"Congruent",476
"1133",10,52,"Incongruent",416
"1134",10,53,"Incongruent",384
"1135",10,54,"Incongruent",517
"1136",10,55,"Incongruent",591
"1137",10,56,"Incongruent",544
"1138",10,57,"Incongruent",528
"1139",10,58,"Incongruent",418
"1140",10,59,"Congruent",610
"1141",10,60,"Congruent",584
"1142",10,61,"Incongruent",552
"1143",12,0,"Incongruent",960
"1144",12,1,"Congruent",404
"1145",12,2,"Incongruent",621
"1146",12,3,"Incongruent",434
"1147",12,4,"Incongruent",507
"1148",12,5,"Incongruent",382
"1149",12,6,"Congruent",412
"1150",12,7,"Congruent",436
"1151",12,8,"Incongruent",412
"1152",12,9,"Incongruent",385
"1153",12,10,"Congruent",392
"1154",12,11,"Congruent",529
"1155",12,12,"Incongruent",906
"1156",12,13,"Congruent",621
"1157",12,14,"Incongruent",455
"1158",12,15,"Incongruent",546
"1159",12,16,"Incongruent",365
"1160",12,17,"Incongruent",705
"1161",12,18,"Congruent",475
"1162",12,19,"Congruent",594
"1163",12,20,"Incongruent",782
"1164",12,21,"Incongruent",521
"1165",12,22,"Incongruent",570
"1166",12,23,"Incongruent",466
"1167",12,24,"Incongruent",731
"1168",12,25,"Incongruent",667
"1169",12,26,"Congruent",438
"1170",12,27,"Incongruent",406
"1171",12,28,"Incongruent",884
"1172",12,29,"Congruent",713
"1173",12,30,"Incongruent",855
"1174",12,31,"Incongruent",625
"1175",12,32,"Congruent",983
"1176",12,33,"Incongruent",444
"1177",12,34,"Incongruent",700
"1178",12,35,"Congruent",578
"1179",12,36,"Incongruent",872
"1180",12,37,"Congruent",593
"1181",12,38,"Incongruent",664
"1182",12,39,"Incongruent",759
"1183",12,40,"Incongruent",518
"1184",12,41,"Congruent",531
"1185",12,42,"Incongruent",557
"1186",12,43,"Incongruent",597
"1187",12,44,"Incongruent",683
"1188",12,45,"Incongruent",615
"1189",12,46,"Congruent",470
"1190",12,47,"Incongruent",531
"1191",12,48,"Congruent",624
"1192",12,49,"Incongruent",525
"1193",12,50,"Congruent",662
"1194",12,51,"Congruent",538
"1195",12,52,"Incongruent",406
"1196",12,54,"Incongruent",653
"1197",12,55,"Incongruent",754
"1198",12,56,"Incongruent",560
"1199",12,57,"Congruent",588
"1200",12,58,"Incongruent",710
"1201",12,59,"Congruent",1895
"1202",12,60,"Incongruent",763
"1203",12,61,"Incongruent",459
"1204",12,62,"Incongruent",455
"1205",13,0,"Incongruent",1161
"1206",13,1,"Incongruent",525
"1207",13,2,"Incongruent",1000
"1208",13,3,"Congruent",522
"1209",13,4,"Incongruent",597
"1210",13,6,"Incongruent",607
"1211",13,7,"Incongruent",426
"1212",13,8,"Incongruent",490
"1213",13,9,"Congruent",395
"1214",13,10,"Incongruent",445
"1215",13,11,"Congruent",515
"1216",13,12,"Congruent",537
"1217",13,13,"Incongruent",456
"1218",13,14,"Congruent",509
"1219",13,15,"Incongruent",481
"1220",13,16,"Incongruent",560
"1221",13,17,"Incongruent",605
"1222",13,18,"Congruent",497
"1223",13,19,"Incongruent",443
"1224",13,20,"Incongruent",475
"1225",13,21,"Incongruent",503
"1226",13,22,"Incongruent",549
"1227",13,23,"Congruent",389
"1228",13,24,"Incongruent",426
"1229",13,25,"Congruent",497
"1230",13,26,"Incongruent",541
"1231",13,28,"Congruent",527
"1232",13,29,"Incongruent",358
"1233",13,30,"Congruent",349
"1234",13,31,"Incongruent",635
"1235",13,32,"Incongruent",781
"1236",13,33,"Incongruent",615
"1237",13,34,"Congruent",564
"1238",13,35,"Incongruent",447
"1239",13,36,"Incongruent",429
"1240",13,37,"Incongruent",518
"1241",13,38,"Incongruent",400
"1242",13,39,"Congruent",366
"1243",13,40,"Congruent",539
"1244",13,41,"Incongruent",523
"1245",13,42,"Congruent",521
"1246",13,43,"Incongruent",486
"1247",13,44,"Congruent",378
"1248",13,45,"Incongruent",485
"1249",13,46,"Incongruent",513
"1250",13,47,"Congruent",506
"1251",13,48,"Incongruent",420
"1252",13,49,"Incongruent",362
"1253",13,50,"Incongruent",576
"1254",13,51,"Congruent",476
"1255",13,52,"Incongruent",515
"1256",13,53,"Incongruent",477
"1257",13,54,"Incongruent",590
"1258",13,55,"Incongruent",397
"1259",13,56,"Congruent",533
"1260",13,57,"Incongruent",405
"1261",13,58,"Incongruent",664
"1262",13,59,"Congruent",564
"1263",13,60,"Incongruent",584
"1264",13,61,"Congruent",521
"1265",13,62,"Incongruent",533
"1266",14,0,"Incongruent",1739
"1267",14,1,"Incongruent",656
"1268",14,2,"Incongruent",400
"1269",14,3,"Congruent",361
"1270",14,4,"Congruent",465
"1271",14,5,"Incongruent",505
"1272",14,6,"Incongruent",443
"1273",14,7,"Incongruent",921
"1274",14,8,"Congruent",613
"1275",14,9,"Incongruent",525
"1276",14,10,"Congruent",431
"1277",14,11,"Incongruent",588
"1278",14,12,"Congruent",542
"1279",14,13,"Incongruent",712
"1280",14,14,"Incongruent",481
"1281",14,15,"Incongruent",416
"1282",14,16,"Incongruent",579
"1283",14,17,"Incongruent",403
"1284",14,18,"Congruent",420
"1285",14,19,"Incongruent",380
"1286",14,20,"Congruent",479
"1287",14,21,"Congruent",472
"1288",14,22,"Incongruent",457
"1289",14,23,"Incongruent",595
"1290",14,24,"Incongruent",431
"1291",14,25,"Congruent",502
"1292",14,26,"Incongruent",457
"1293",14,27,"Congruent",295
"1294",14,28,"Incongruent",531
"1295",14,29,"Incongruent",505
"1296",14,30,"Congruent",515
"1297",14,31,"Incongruent",397
"1298",14,33,"Incongruent",874
"1299",14,34,"Congruent",455
"1300",14,35,"Incongruent",607
"1301",14,36,"Congruent",427
"1302",14,37,"Incongruent",553
"1303",14,38,"Incongruent",652
"1304",14,39,"Incongruent",401
"1305",14,40,"Incongruent",468
"1306",14,41,"Congruent",360
"1307",14,42,"Congruent",439
"1308",14,43,"Congruent",504
"1309",14,44,"Incongruent",371
"1310",14,45,"Incongruent",355
"1311",14,46,"Incongruent",600
"1312",14,47,"Incongruent",477
"1313",14,48,"Incongruent",493
"1314",14,49,"Incongruent",486
"1315",14,50,"Incongruent",751
"1316",14,51,"Incongruent",549
"1317",14,52,"Incongruent",569
"1318",14,53,"Congruent",485
"1319",14,54,"Congruent",502
"1320",14,55,"Congruent",381
"1321",14,56,"Congruent",757
"1322",14,57,"Incongruent",456
"1323",14,58,"Incongruent",541
"1324",14,59,"Incongruent",416
"1325",14,60,"Congruent",395
"1326",14,61,"Incongruent",450
"1327",16,0,"Incongruent",1324
"1328",16,1,"Incongruent",604
"1329",16,2,"Congruent",571
"1330",16,3,"Incongruent",973
"1331",16,4,"Incongruent",702
"1332",16,5,"Congruent",572
"1333",16,6,"Congruent",559
"1334",16,7,"Incongruent",919
"1335",16,8,"Incongruent",622
"1336",16,9,"Incongruent",595
"1337",16,10,"Congruent",622
"1338",16,11,"Incongruent",949
"1339",16,12,"Incongruent",641
"1340",16,13,"Incongruent",542
"1341",16,14,"Congruent",463
"1342",16,15,"Incongruent",648
"1343",16,16,"Incongruent",670
"1344",16,17,"Congruent",578
"1345",16,18,"Incongruent",800
"1346",16,19,"Congruent",512
"1347",16,20,"Incongruent",585
"1348",16,21,"Congruent",407
"1349",16,22,"Incongruent",589
"1350",16,23,"Congruent",511
"1351",16,24,"Incongruent",640
"1352",16,25,"Incongruent",702
"1353",16,26,"Incongruent",514
"1354",16,27,"Incongruent",628
"1355",16,28,"Incongruent",408
"1356",16,29,"Congruent",521
"1357",16,30,"Congruent",1018
"1358",16,31,"Incongruent",762
"1359",16,32,"Incongruent",402
"1360",16,33,"Incongruent",568
"1361",16,34,"Incongruent",899
"1362",16,35,"Congruent",608
"1363",16,36,"Incongruent",715
"1364",16,37,"Incongruent",469
"1365",16,38,"Incongruent",631
"1366",16,39,"Incongruent",675
"1367",16,40,"Congruent",587
"1368",16,41,"Incongruent",829
"1369",16,42,"Incongruent",441
"1370",16,43,"Incongruent",389
"1371",16,44,"Incongruent",534
"1372",16,45,"Congruent",582
"1373",16,46,"Incongruent",377
"1374",16,47,"Congruent",466
"1375",16,48,"Congruent",538
"1376",16,49,"Incongruent",636
"1377",16,50,"Incongruent",439
"1378",16,51,"Congruent",672
"1379",16,52,"Congruent",559
"1380",16,53,"Incongruent",593
"1381",16,54,"Incongruent",533
"1382",16,55,"Congruent",549
"1383",16,56,"Incongruent",593
"1384",16,57,"Congruent",627
"1385",16,58,"Incongruent",514
"1386",16,59,"Incongruent",570
"1387",16,60,"Congruent",606
"1388",16,61,"Incongruent",506
"1389",16,62,"Incongruent",635
"1390",17,0,"Incongruent",1688
"1391",17,1,"Incongruent",475
"1392",17,2,"Congruent",557
"1393",17,3,"Incongruent",382
"1394",17,4,"Incongruent",533
"1395",17,5,"Incongruent",566
"1396",17,6,"Congruent",421
"1397",17,7,"Incongruent",410
"1398",17,8,"Incongruent",343
"1399",17,9,"Incongruent",393
"1400",17,10,"Congruent",484
"1401",17,11,"Incongruent",399
"1402",17,12,"Incongruent",644
"1403",17,13,"Congruent",505
"1404",17,14,"Incongruent",682
"1405",17,15,"Congruent",441
"1406",17,16,"Incongruent",393
"1407",17,17,"Incongruent",277
"1408",17,18,"Congruent",515
"1409",17,21,"Congruent",754
"1410",17,22,"Congruent",642
"1411",17,23,"Congruent",520
"1412",17,24,"Incongruent",576
"1413",17,25,"Incongruent",530
"1414",17,26,"Incongruent",926
"1415",17,27,"Congruent",585
"1416",17,28,"Incongruent",585
"1417",17,29,"Incongruent",424
"1418",17,30,"Incongruent",536
"1419",17,31,"Incongruent",626
"1420",17,32,"Incongruent",487
"1421",17,33,"Incongruent",561
"1422",17,34,"Congruent",537
"1423",17,35,"Incongruent",542
"1424",17,36,"Incongruent",512
"1425",17,37,"Congruent",482
"1426",17,38,"Incongruent",561
"1427",17,39,"Incongruent",478
"1428",17,40,"Congruent",494
"1429",17,41,"Congruent",495
"1430",17,42,"Congruent",423
"1431",17,43,"Incongruent",603
"1432",17,44,"Congruent",474
"1433",17,45,"Incongruent",588
"1434",17,46,"Incongruent",805
"1435",17,47,"Incongruent",614
"1436",17,48,"Incongruent",492
"1437",17,49,"Incongruent",613
"1438",17,50,"Incongruent",393
"1439",17,51,"Incongruent",527
"1440",17,52,"Congruent",343
"1441",17,53,"Congruent",501
"1442",17,54,"Congruent",459
"1443",17,55,"Incongruent",659
"1444",17,56,"Congruent",521
"1445",17,57,"Incongruent",610
"1446",17,59,"Incongruent",899
"1447",17,60,"Congruent",624
"1448",17,61,"Incongruent",707
"1449",17,62,"Incongruent",595
"1450",20,0,"Incongruent",2282
"1451",20,1,"Congruent",539
"1452",20,2,"Congruent",480
"1453",20,3,"Incongruent",905
"1454",20,4,"Incongruent",1087
"1455",20,5,"Congruent",680
"1456",20,6,"Congruent",394
"1457",20,7,"Incongruent",506
"1458",20,8,"Incongruent",665
"1459",20,9,"Incongruent",396
"1460",20,10,"Incongruent",386
"1461",20,11,"Incongruent",428
"1462",20,12,"Congruent",370
"1463",20,13,"Incongruent",560
"1464",20,14,"Incongruent",416
"1465",20,15,"Incongruent",513
"1466",20,16,"Incongruent",525
"1467",20,17,"Congruent",500
"1468",20,18,"Incongruent",415
"1469",20,19,"Incongruent",582
"1470",20,20,"Congruent",443
"1471",20,21,"Congruent",482
"1472",20,22,"Incongruent",585
"1473",20,23,"Incongruent",407
"1474",20,24,"Incongruent",588
"1475",20,25,"Congruent",480
"1476",20,26,"Incongruent",357
"1477",20,27,"Incongruent",685
"1478",20,28,"Congruent",372
"1479",20,29,"Incongruent",329
"1480",20,30,"Congruent",287
"1481",20,31,"Incongruent",300
"1482",20,32,"Incongruent",640
"1483",20,33,"Congruent",500
"1484",20,34,"Congruent",470
"1485",20,35,"Incongruent",494
"1486",20,36,"Incongruent",382
"1487",20,37,"Congruent",340
"1488",20,38,"Incongruent",434
"1489",20,39,"Congruent",412
"1490",20,40,"Incongruent",352
"1491",20,41,"Incongruent",337
"1492",20,43,"Incongruent",550
"1493",20,44,"Congruent",526
"1494",20,45,"Incongruent",500
"1495",20,47,"Congruent",608
"1496",20,48,"Incongruent",508
"1497",20,49,"Incongruent",630
"1498",20,50,"Congruent",392
"1499",20,51,"Incongruent",448
"1500",20,52,"Incongruent",481
"1501",20,53,"Incongruent",441
"1502",20,54,"Congruent",403
"1503",20,55,"Incongruent",384
"1504",20,56,"Incongruent",302
"1505",20,57,"Congruent",418
"1506",20,58,"Incongruent",561
"1507",20,59,"Incongruent",613
"1508",20,60,"Incongruent",494
"1509",20,61,"Congruent",526
"1510",20,62,"Incongruent",426
"1511",21,0,"Congruent",1424
"1512",21,1,"Incongruent",792
"1513",21,2,"Incongruent",404
"1514",21,3,"Congruent",604
"1515",21,4,"Incongruent",607
"1516",21,5,"Congruent",592
"1517",21,6,"Incongruent",576
"1518",21,7,"Incongruent",601
"1519",21,8,"Incongruent",749
"1520",21,9,"Incongruent",614
"1521",21,10,"Incongruent",724
"1522",21,11,"Incongruent",730
"1523",21,12,"Congruent",429
"1524",21,13,"Congruent",1009
"1525",21,14,"Congruent",424
"1526",21,15,"Incongruent",527
"1527",21,16,"Incongruent",899
"1528",21,17,"Incongruent",447
"1529",21,18,"Congruent",748
"1530",21,19,"Incongruent",598
"1531",21,20,"Incongruent",433
"1532",21,21,"Incongruent",651
"1533",21,22,"Congruent",517
"1534",21,23,"Incongruent",622
"1535",21,24,"Congruent",386
"1536",21,25,"Incongruent",584
"1537",21,26,"Incongruent",710
"1538",21,27,"Incongruent",690
"1539",21,28,"Congruent",570
"1540",21,29,"Incongruent",647
"1541",21,30,"Incongruent",569
"1542",21,31,"Incongruent",694
"1543",21,32,"Incongruent",497
"1544",21,33,"Incongruent",501
"1545",21,34,"Incongruent",478
"1546",21,35,"Congruent",519
"1547",21,36,"Congruent",399
"1548",21,37,"Congruent",495
"1549",21,38,"Incongruent",360
"1550",21,39,"Incongruent",549
"1551",21,40,"Congruent",760
"1552",21,41,"Incongruent",541
"1553",21,42,"Incongruent",475
"1554",21,43,"Incongruent",537
"1555",21,44,"Congruent",468
"1556",21,45,"Congruent",443
"1557",21,46,"Congruent",349
"1558",21,47,"Incongruent",602
"1559",21,48,"Incongruent",629
"1560",21,49,"Incongruent",402
"1561",21,50,"Incongruent",536
"1562",21,51,"Incongruent",394
"1563",21,52,"Incongruent",409
"1564",21,53,"Incongruent",617
"1565",21,54,"Congruent",415
"1566",21,55,"Incongruent",360
"1567",21,56,"Incongruent",715
"1568",21,57,"Congruent",534
"1569",21,58,"Congruent",654
"1570",21,59,"Incongruent",437
"1571",21,60,"Congruent",437
"1572",21,61,"Incongruent",422
"1573",21,62,"Incongruent",500
"1574",22,0,"Congruent",1079
"1575",22,1,"Incongruent",553
"1576",22,2,"Incongruent",372
"1577",22,3,"Congruent",469
"1578",22,4,"Incongruent",431
"1579",22,5,"Incongruent",382
"1580",22,6,"Incongruent",374
"1581",22,7,"Incongruent",572
"1582",22,8,"Congruent",399
"1583",22,9,"Congruent",374
"1584",22,10,"Incongruent",524
"1585",22,11,"Incongruent",502
"1586",22,12,"Incongruent",454
"1587",22,13,"Incongruent",343
"1588",22,14,"Congruent",412
"1589",22,15,"Congruent",437
"1590",22,16,"Incongruent",442
"1591",22,17,"Incongruent",516
"1592",22,18,"Incongruent",451
"1593",22,19,"Incongruent",557
"1594",22,20,"Congruent",416
"1595",22,21,"Congruent",509
"1596",22,22,"Incongruent",340
"1597",22,23,"Incongruent",498
"1598",22,24,"Incongruent",397
"1599",22,25,"Incongruent",403
"1600",22,26,"Congruent",387
"1601",22,27,"Congruent",465
"1602",22,28,"Incongruent",473
"1603",22,29,"Congruent",410
"1604",22,30,"Incongruent",529
"1605",22,31,"Incongruent",490
"1606",22,32,"Incongruent",579
"1607",22,33,"Incongruent",823
"1608",22,34,"Congruent",359
"1609",22,35,"Incongruent",458
"1610",22,36,"Incongruent",347
"1611",22,37,"Incongruent",472
"1612",22,38,"Congruent",434
"1613",22,40,"Incongruent",503
"1614",22,41,"Congruent",497
"1615",22,42,"Congruent",486
"1616",22,43,"Incongruent",474
"1617",22,44,"Incongruent",626
"1618",22,45,"Congruent",375
"1619",22,46,"Incongruent",415
"1620",22,47,"Incongruent",494
"1621",22,48,"Incongruent",349
"1622",22,49,"Congruent",356
"1623",22,50,"Congruent",498
"1624",22,52,"Incongruent",1178
"1625",22,53,"Incongruent",563
"1626",22,54,"Incongruent",462
"1627",22,55,"Incongruent",502
"1628",22,56,"Congruent",433
"1629",22,57,"Congruent",591
"1630",22,58,"Incongruent",492
"1631",22,59,"Incongruent",525
"1632",22,60,"Incongruent",639
"1633",22,61,"Congruent",498
"1634",22,62,"Incongruent",396
"1635",23,0,"Incongruent",1211
"1636",23,1,"Congruent",450
"1637",23,2,"Incongruent",506
"1638",23,3,"Incongruent",525
"1639",23,4,"Incongruent",410
"1640",23,5,"Congruent",650
"1641",23,7,"Incongruent",832
"1642",23,8,"Congruent",633
"1643",23,9,"Congruent",1341
"1644",23,10,"Incongruent",676
"1645",23,11,"Incongruent",609
"1646",23,12,"Incongruent",543
"1647",23,13,"Incongruent",711
"1648",23,14,"Congruent",663
"1649",23,15,"Incongruent",613
"1650",23,16,"Congruent",745
"1651",23,17,"Congruent",824
"1652",23,18,"Incongruent",579
"1653",23,19,"Incongruent",681
"1654",23,20,"Congruent",652
"1655",23,21,"Congruent",557
"1656",23,22,"Incongruent",592
"1657",23,23,"Incongruent",693
"1658",23,24,"Incongruent",714
"1659",23,25,"Incongruent",596
"1660",23,26,"Incongruent",752
"1661",23,27,"Incongruent",840
"1662",23,28,"Congruent",497
"1663",23,29,"Incongruent",492
"1664",23,30,"Congruent",644
"1665",23,31,"Incongruent",605
"1666",23,32,"Incongruent",808
"1667",23,33,"Incongruent",851
"1668",23,34,"Incongruent",709
"1669",23,35,"Incongruent",933
"1670",23,36,"Congruent",497
"1671",23,37,"Incongruent",596
"1672",23,38,"Incongruent",490
"1673",23,39,"Incongruent",558
"1674",23,40,"Congruent",482
"1675",23,41,"Congruent",633
"1676",23,42,"Incongruent",773
"1677",23,43,"Incongruent",517
"1678",23,44,"Congruent",675
"1679",23,45,"Incongruent",623
"1680",23,46,"Incongruent",709
"1681",23,47,"Congruent",612
"1682",23,48,"Incongruent",574
"1683",23,49,"Congruent",555
"1684",23,50,"Incongruent",622
"1685",23,51,"Congruent",643
"1686",23,52,"Incongruent",749
"1687",23,53,"Incongruent",687
"1688",23,54,"Incongruent",373
"1689",23,55,"Congruent",739
"1690",23,56,"Incongruent",626
"1691",23,57,"Incongruent",533
"1692",23,58,"Incongruent",767
"1693",23,59,"Congruent",680
"1694",23,60,"Congruent",1511
"1695",23,62,"Incongruent",613
"1696",25,0,"Incongruent",1728
"1697",25,1,"Incongruent",539
"1698",25,2,"Incongruent",893
"1699",25,3,"Congruent",615
"1700",25,4,"Incongruent",397
"1701",25,5,"Congruent",571
"1702",25,6,"Incongruent",758
"1703",25,7,"Congruent",343
"1704",25,8,"Incongruent",499
"1705",25,9,"Incongruent",460
"1706",25,10,"Incongruent",504
"1707",25,11,"Incongruent",503
"1708",25,12,"Congruent",347
"1709",25,13,"Congruent",670
"1710",25,14,"Incongruent",387
"1711",25,15,"Incongruent",659
"1712",25,16,"Incongruent",430
"1713",25,17,"Incongruent",568
"1714",25,18,"Congruent",643
"1715",25,19,"Congruent",552
"1716",25,20,"Congruent",530
"1717",25,21,"Incongruent",558
"1718",25,22,"Incongruent",638
"1719",25,23,"Congruent",436
"1720",25,24,"Congruent",643
"1721",25,25,"Incongruent",686
"1722",25,26,"Incongruent",701
"1723",25,27,"Incongruent",489
"1724",25,28,"Incongruent",486
"1725",25,29,"Incongruent",461
"1726",25,30,"Incongruent",399
"1727",25,31,"Congruent",373
"1728",25,32,"Incongruent",540
"1729",25,33,"Incongruent",509
"1730",25,34,"Congruent",574
"1731",25,35,"Congruent",649
"1732",25,36,"Incongruent",649
"1733",25,37,"Incongruent",589
"1734",25,38,"Incongruent",418
"1735",25,39,"Incongruent",487
"1736",25,40,"Incongruent",803
"1737",25,41,"Congruent",498
"1738",25,42,"Incongruent",473
"1739",25,43,"Congruent",784
"1740",25,44,"Incongruent",474
"1741",25,45,"Congruent",472
"1742",25,46,"Incongruent",963
"1743",25,47,"Incongruent",566
"1744",25,48,"Incongruent",675
"1745",25,49,"Congruent",561
"1746",25,51,"Incongruent",1450
"1747",25,52,"Incongruent",861
"1748",25,53,"Congruent",552
"1749",25,54,"Congruent",658
"1750",25,55,"Incongruent",792
"1751",25,56,"Incongruent",526
"1752",25,57,"Incongruent",569
"1753",25,58,"Incongruent",523
"1754",25,59,"Incongruent",567
"1755",25,60,"Congruent",416
"1756",25,61,"Congruent",680
"1757",25,62,"Incongruent",495
"1758",26,0,"Incongruent",1410
"1759",26,1,"Incongruent",498
"1760",26,2,"Incongruent",429
"1761",26,3,"Incongruent",503
"1762",26,4,"Congruent",711
"1763",26,5,"Congruent",578
"1764",26,6,"Incongruent",691
"1765",26,7,"Incongruent",650
"1766",26,8,"Incongruent",470
"1767",26,9,"Incongruent",398
"1768",26,10,"Congruent",417
"1769",26,11,"Incongruent",572
"1770",26,13,"Congruent",453
"1771",26,14,"Incongruent",529
"1772",26,15,"Congruent",533
"1773",26,16,"Incongruent",413
"1774",26,17,"Congruent",685
"1775",26,18,"Incongruent",540
"1776",26,19,"Incongruent",462
"1777",26,20,"Congruent",429
"1778",26,21,"Incongruent",425
"1779",26,22,"Incongruent",515
"1780",26,23,"Incongruent",847
"1781",26,24,"Incongruent",320
"1782",26,25,"Congruent",403
"1783",26,26,"Incongruent",554
"1784",26,27,"Incongruent",853
"1785",26,28,"Congruent",498
"1786",26,29,"Incongruent",440
"1787",26,30,"Congruent",626
"1788",26,31,"Congruent",591
"1789",26,32,"Incongruent",923
"1790",26,33,"Incongruent",510
"1791",26,34,"Incongruent",415
"1792",26,35,"Incongruent",425
"1793",26,36,"Congruent",463
"1794",26,37,"Congruent",498
"1795",26,38,"Incongruent",676
"1796",26,39,"Incongruent",457
"1797",26,40,"Incongruent",428
"1798",26,41,"Incongruent",577
"1799",26,42,"Incongruent",400
"1800",26,43,"Incongruent",579
"1801",26,44,"Congruent",440
"1802",26,45,"Incongruent",631
"1803",26,46,"Congruent",538
"1804",26,47,"Incongruent",399
"1805",26,48,"Congruent",414
"1806",26,49,"Incongruent",365
"1807",26,50,"Incongruent",479
"1808",26,51,"Incongruent",386
"1809",26,52,"Incongruent",424
"1810",26,53,"Congruent",527
"1811",26,54,"Congruent",395
"1812",26,55,"Incongruent",430
"1813",26,56,"Incongruent",535
"1814",26,57,"Incongruent",656
"1815",26,58,"Incongruent",359
"1816",26,59,"Incongruent",444
"1817",26,60,"Congruent",493
"1818",26,61,"Congruent",333
"1819",26,62,"Incongruent",465
"1820",27,0,"Congruent",1370
"1821",27,1,"Incongruent",872
"1822",27,2,"Incongruent",806
"1823",27,3,"Incongruent",625
"1824",27,4,"Incongruent",515
"1825",27,5,"Congruent",395
"1826",27,6,"Congruent",492
"1827",27,7,"Incongruent",519
"1828",27,8,"Incongruent",544
"1829",27,9,"Incongruent",552
"1830",27,10,"Congruent",485
"1831",27,11,"Incongruent",455
"1832",27,12,"Incongruent",479
"1833",27,13,"Incongruent",482
"1834",27,14,"Congruent",465
"1835",27,15,"Congruent",579
"1836",27,16,"Incongruent",645
"1837",27,17,"Incongruent",362
"1838",27,18,"Incongruent",521
"1839",27,19,"Incongruent",504
"1840",27,20,"Congruent",572
"1841",27,21,"Incongruent",539
"1842",27,22,"Congruent",400
"1843",27,23,"Congruent",518
"1844",27,24,"Incongruent",553
"1845",27,25,"Incongruent",456
"1846",27,26,"Congruent",396
"1847",27,27,"Incongruent",499
"1848",27,28,"Congruent",380
"1849",27,29,"Incongruent",428
"1850",27,30,"Incongruent",390
"1851",27,31,"Incongruent",504
"1852",27,32,"Incongruent",551
"1853",27,33,"Incongruent",443
"1854",27,34,"Congruent",427
"1855",27,35,"Incongruent",323
"1856",27,36,"Incongruent",350
"1857",27,37,"Incongruent",435
"1858",27,38,"Congruent",412
"1859",27,39,"Congruent",385
"1860",27,40,"Incongruent",441
"1861",27,41,"Congruent",364
"1862",27,42,"Congruent",632
"1863",27,43,"Incongruent",520
"1864",27,44,"Incongruent",737
"1865",27,45,"Incongruent",623
"1866",27,46,"Incongruent",593
"1867",27,47,"Incongruent",312
"1868",27,48,"Congruent",413
"1869",27,49,"Incongruent",627
"1870",27,50,"Incongruent",483
"1871",27,51,"Congruent",467
"1872",27,52,"Incongruent",436
"1873",27,53,"Incongruent",531
"1874",27,54,"Incongruent",518
"1875",27,55,"Incongruent",712
"1876",27,56,"Incongruent",454
"1877",27,57,"Incongruent",551
"1878",27,58,"Congruent",433
"1879",27,59,"Congruent",458
"1880",27,60,"Congruent",503
"1881",27,61,"Incongruent",401
"1882",27,62,"Incongruent",585
"1883",28,0,"Incongruent",1156
"1884",28,1,"Incongruent",565
"1885",28,2,"Incongruent",739
"1886",28,3,"Congruent",493
"1887",28,4,"Incongruent",759
"1888",28,5,"Incongruent",950
"1889",28,6,"Incongruent",414
"1890",28,7,"Congruent",526
"1891",28,8,"Incongruent",492
"1892",28,9,"Congruent",614
"1893",28,10,"Incongruent",681
"1894",28,11,"Incongruent",642
"1895",28,12,"Incongruent",630
"1896",28,13,"Incongruent",595
"1897",28,14,"Congruent",608
"1898",28,15,"Congruent",506
"1899",28,16,"Congruent",524
"1900",28,17,"Incongruent",580
"1901",28,18,"Incongruent",561
"1902",28,19,"Congruent",392
"1903",28,20,"Incongruent",627
"1904",28,22,"Incongruent",735
"1905",28,23,"Incongruent",607
"1906",28,24,"Incongruent",611
"1907",28,25,"Congruent",535
"1908",28,26,"Incongruent",603
"1909",28,27,"Congruent",766
"1910",28,28,"Incongruent",663
"1911",28,29,"Incongruent",564
"1912",28,30,"Congruent",495
"1913",28,31,"Congruent",577
"1914",28,32,"Incongruent",674
"1915",28,33,"Incongruent",490
"1916",28,34,"Congruent",443
"1917",28,35,"Incongruent",627
"1918",28,36,"Congruent",509
"1919",28,37,"Incongruent",657
"1920",28,38,"Congruent",478
"1921",28,39,"Incongruent",415
"1922",28,40,"Incongruent",517
"1923",28,41,"Congruent",485
"1924",28,42,"Incongruent",712
"1925",28,43,"Incongruent",589
"1926",28,44,"Incongruent",499
"1927",28,46,"Congruent",516
"1928",28,47,"Incongruent",557
"1929",28,48,"Incongruent",624
"1930",28,49,"Incongruent",661
"1931",28,50,"Incongruent",649
"1932",28,51,"Congruent",607
"1933",28,52,"Incongruent",679
"1934",28,53,"Incongruent",684
"1935",28,54,"Incongruent",603
"1936",28,55,"Incongruent",501
"1937",28,56,"Congruent",522
"1938",28,57,"Incongruent",601
"1939",28,58,"Incongruent",479
"1940",28,59,"Congruent",504
"1941",28,60,"Incongruent",666
"1942",28,61,"Congruent",446
"1943",28,62,"Incongruent",628
"1944",29,0,"Incongruent",2059
"1945",29,1,"Incongruent",683
"1946",29,2,"Incongruent",561
"1947",29,3,"Congruent",439
"1948",29,4,"Congruent",488
"1949",29,5,"Incongruent",545
"1950",29,6,"Incongruent",719
"1951",29,7,"Incongruent",508
"1952",29,8,"Congruent",582
"1953",29,9,"Congruent",472
"1954",29,10,"Incongruent",512
"1955",29,11,"Incongruent",493
"1956",29,12,"Incongruent",563
"1957",29,13,"Incongruent",463
"1958",29,14,"Congruent",541
"1959",29,15,"Incongruent",410
"1960",29,16,"Incongruent",410
"1961",29,17,"Congruent",565
"1962",29,18,"Incongruent",1122
"1963",29,19,"Congruent",516
"1964",29,20,"Incongruent",782
"1965",29,21,"Incongruent",1073
"1966",29,22,"Incongruent",937
"1967",29,23,"Congruent",962
"1968",29,24,"Congruent",463
"1969",29,25,"Incongruent",624
"1970",29,26,"Incongruent",626
"1971",29,27,"Incongruent",647
"1972",29,28,"Congruent",467
"1973",29,29,"Incongruent",494
"1974",29,30,"Congruent",670
"1975",29,31,"Incongruent",492
"1976",29,32,"Congruent",550
"1977",29,33,"Incongruent",408
"1978",29,34,"Congruent",671
"1979",29,35,"Congruent",528
"1980",29,36,"Incongruent",567
"1981",29,37,"Incongruent",485
"1982",29,38,"Congruent",544
"1983",29,39,"Incongruent",497
"1984",29,40,"Incongruent",574
"1985",29,41,"Incongruent",430
"1986",29,42,"Incongruent",666
"1987",29,43,"Incongruent",547
"1988",29,44,"Incongruent",568
"1989",29,45,"Incongruent",682
"1990",29,46,"Congruent",527
"1991",29,47,"Incongruent",811
"1992",29,48,"Incongruent",445
"1993",29,49,"Incongruent",516
"1994",29,50,"Congruent",461
"1995",29,51,"Congruent",510
"1996",29,52,"Congruent",528
"1997",29,53,"Incongruent",546
"1998",29,54,"Incongruent",476
"1999",29,55,"Incongruent",458
"2000",29,56,"Incongruent",524
"2001",29,57,"Incongruent",692
"2002",29,58,"Incongruent",533
"2003",29,59,"Congruent",430
"2004",29,60,"Incongruent",726
"2005",29,61,"Congruent",468
"2006",29,62,"Incongruent",406
"2007",30,0,"Incongruent",1438
"2008",30,1,"Incongruent",611
"2009",30,2,"Incongruent",640
"2010",30,3,"Incongruent",537
"2011",30,4,"Incongruent",780
"2012",30,5,"Congruent",572
"2013",30,6,"Congruent",560
"2014",30,8,"Incongruent",1910
"2015",30,9,"Congruent",699
"2016",30,10,"Incongruent",692
"2017",30,11,"Congruent",689
"2018",30,12,"Incongruent",799
"2019",30,13,"Incongruent",528
"2020",30,14,"Congruent",417
"2021",30,15,"Incongruent",850
"2022",30,17,"Congruent",553
"2023",30,18,"Incongruent",1571
"2024",30,19,"Congruent",544
"2025",30,20,"Incongruent",689
"2026",30,21,"Incongruent",604
"2027",30,22,"Incongruent",706
"2028",30,23,"Incongruent",691
"2029",30,24,"Incongruent",496
"2030",30,25,"Congruent",432
"2031",30,26,"Congruent",370
"2032",30,27,"Incongruent",559
"2033",30,28,"Incongruent",579
"2034",30,29,"Incongruent",689
"2035",30,30,"Incongruent",940
"2036",30,31,"Congruent",521
"2037",30,32,"Incongruent",410
"2038",30,33,"Incongruent",378
"2039",30,34,"Congruent",500
"2040",30,35,"Incongruent",844
"2041",30,36,"Incongruent",1328
"2042",30,37,"Congruent",654
"2043",30,38,"Congruent",606
"2044",30,39,"Incongruent",687
"2045",30,40,"Congruent",621
"2046",30,41,"Congruent",603
"2047",30,42,"Congruent",427
"2048",30,43,"Incongruent",728
"2049",30,44,"Incongruent",516
"2050",30,45,"Congruent",455
"2051",30,46,"Incongruent",568
"2052",30,47,"Incongruent",475
"2053",30,48,"Incongruent",570
"2054",30,49,"Incongruent",686
"2055",30,50,"Incongruent",564
"2056",30,51,"Incongruent",591
"2057",30,52,"Incongruent",595
"2058",30,53,"Congruent",484
"2059",30,54,"Incongruent",383
"2060",30,55,"Incongruent",380
"2061",30,56,"Congruent",420
"2062",30,57,"Congruent",626
"2063",30,58,"Congruent",423
"2064",30,59,"Incongruent",767
"2065",30,60,"Incongruent",991
"2066",30,61,"Incongruent",1011
"2067",30,62,"Incongruent",831
"2068",31,0,"Congruent",1855
"2069",31,1,"Incongruent",509
"2070",31,2,"Incongruent",346
"2071",31,3,"Incongruent",708
"2072",31,4,"Congruent",500
"2073",31,5,"Incongruent",489
"2074",31,6,"Congruent",523
"2075",31,7,"Congruent",508
"2076",31,8,"Incongruent",409
"2077",31,9,"Congruent",502
"2078",31,10,"Incongruent",608
"2079",31,11,"Incongruent",459
"2080",31,12,"Incongruent",356
"2081",31,13,"Incongruent",450
"2082",31,14,"Incongruent",407
"2083",31,15,"Incongruent",352
"2084",31,16,"Incongruent",550
"2085",31,17,"Incongruent",440
"2086",31,18,"Incongruent",344
"2087",31,19,"Incongruent",475
"2088",31,20,"Congruent",513
"2089",31,21,"Congruent",446
"2090",31,22,"Incongruent",1075
"2091",31,23,"Congruent",629
"2092",31,24,"Congruent",628
"2093",31,25,"Incongruent",783
"2094",31,26,"Incongruent",562
"2095",31,27,"Congruent",755
"2096",31,28,"Incongruent",547
"2097",31,29,"Congruent",518
"2098",31,30,"Incongruent",549
"2099",31,31,"Incongruent",658
"2100",31,32,"Incongruent",856
"2101",31,33,"Incongruent",762
"2102",31,34,"Incongruent",641
"2103",31,35,"Incongruent",495
"2104",31,36,"Congruent",568
"2105",31,37,"Incongruent",499
"2106",31,38,"Congruent",404
"2107",31,39,"Incongruent",488
"2108",31,40,"Incongruent",642
"2109",31,41,"Congruent",817
"2110",31,42,"Incongruent",757
"2111",31,43,"Congruent",577
"2112",31,44,"Incongruent",501
"2113",31,45,"Congruent",478
"2114",31,46,"Incongruent",847
"2115",31,47,"Incongruent",409
"2116",31,48,"Incongruent",585
"2117",31,49,"Incongruent",473
"2118",31,50,"Congruent",647
"2119",31,51,"Incongruent",454
"2120",31,52,"Incongruent",468
"2121",31,53,"Incongruent",594
"2122",31,54,"Incongruent",458
"2123",31,55,"Congruent",905
"2124",31,56,"Congruent",556
"2125",31,57,"Incongruent",674
"2126",31,58,"Incongruent",518
"2127",31,59,"Congruent",377
"2128",31,60,"Incongruent",487
"2129",31,61,"Congruent",467
"2130",31,62,"Incongruent",562
"2131",32,0,"Incongruent",2410
"2132",32,1,"Incongruent",574
"2133",32,2,"Incongruent",622
"2134",32,3,"Incongruent",2116
"2135",32,4,"Congruent",384
"2136",32,5,"Incongruent",576
"2137",32,6,"Incongruent",642
"2138",32,7,"Incongruent",575
"2139",32,8,"Incongruent",355
"2140",32,9,"Congruent",568
"2141",32,10,"Congruent",465
"2142",32,11,"Incongruent",661
"2143",32,12,"Incongruent",755
"2144",32,13,"Incongruent",538
"2145",32,14,"Congruent",603
"2146",32,15,"Congruent",473
"2147",32,16,"Congruent",543
"2148",32,17,"Incongruent",484
"2149",32,18,"Incongruent",405
"2150",32,19,"Congruent",404
"2151",32,20,"Incongruent",442
"2152",32,21,"Incongruent",605
"2153",32,22,"Congruent",404
"2154",32,23,"Congruent",493
"2155",32,24,"Congruent",589
"2156",32,25,"Incongruent",1439
"2157",32,26,"Incongruent",579
"2158",32,27,"Incongruent",420
"2159",32,28,"Incongruent",317
"2160",32,29,"Congruent",329
"2161",32,30,"Incongruent",351
"2162",32,31,"Incongruent",340
"2163",32,32,"Congruent",338
"2164",32,33,"Incongruent",390
"2165",32,35,"Incongruent",610
"2166",32,36,"Incongruent",361
"2167",32,37,"Incongruent",540
"2168",32,38,"Congruent",529
"2169",32,39,"Incongruent",589
"2170",32,40,"Incongruent",1239
"2171",32,41,"Incongruent",567
"2172",32,42,"Incongruent",386
"2173",32,43,"Congruent",430
"2174",32,44,"Congruent",415
"2175",32,45,"Congruent",349
"2176",32,46,"Incongruent",404
"2177",32,47,"Congruent",408
"2178",32,48,"Incongruent",585
"2179",32,49,"Incongruent",349
"2180",32,50,"Incongruent",466
"2181",32,51,"Incongruent",360
"2182",32,52,"Congruent",361
"2183",32,53,"Incongruent",694
"2184",32,54,"Congruent",455
"2185",32,55,"Incongruent",468
"2186",32,57,"Congruent",545
"2187",32,58,"Congruent",594
"2188",32,59,"Incongruent",433
"2189",32,60,"Incongruent",463
"2190",32,61,"Incongruent",527
"2191",32,62,"Incongruent",426
"2192",33,0,"Incongruent",1419
"2193",33,1,"Congruent",624
"2194",33,2,"Incongruent",577
"2195",33,3,"Incongruent",669
"2196",33,4,"Congruent",370
"2197",33,5,"Congruent",476
"2198",33,6,"Incongruent",353
"2199",33,7,"Incongruent",871
"2200",33,8,"Incongruent",361
"2201",33,9,"Incongruent",465
"2202",33,10,"Congruent",496
"2203",33,11,"Incongruent",434
"2204",33,12,"Congruent",466
"2205",33,13,"Incongruent",386
"2206",33,14,"Congruent",385
"2207",33,15,"Incongruent",854
"2208",33,16,"Incongruent",730
"2209",33,17,"Incongruent",563
"2210",33,18,"Incongruent",501
"2211",33,19,"Incongruent",429
"2212",33,20,"Incongruent",558
"2213",33,21,"Incongruent",506
"2214",33,22,"Incongruent",832
"2215",33,23,"Congruent",531
"2216",33,24,"Congruent",682
"2217",33,25,"Congruent",609
"2218",33,26,"Congruent",508
"2219",33,27,"Incongruent",528
"2220",33,28,"Congruent",730
"2221",33,29,"Incongruent",409
"2222",33,30,"Incongruent",497
"2223",33,31,"Incongruent",411
"2224",33,32,"Incongruent",552
"2225",33,33,"Congruent",402
"2226",33,34,"Incongruent",997
"2227",33,35,"Incongruent",648
"2228",33,36,"Incongruent",409
"2229",33,37,"Congruent",688
"2230",33,38,"Incongruent",357
"2231",33,39,"Incongruent",519
"2232",33,40,"Congruent",407
"2233",33,41,"Incongruent",568
"2234",33,42,"Congruent",341
"2235",33,43,"Congruent",437
"2236",33,44,"Incongruent",671
"2237",33,45,"Incongruent",537
"2238",33,46,"Incongruent",414
"2239",33,47,"Incongruent",622
"2240",33,48,"Congruent",443
"2241",33,49,"Incongruent",625
"2242",33,50,"Incongruent",551
"2243",33,51,"Incongruent",337
"2244",33,52,"Incongruent",414
"2245",33,53,"Incongruent",341
"2246",33,54,"Congruent",408
"2247",33,56,"Incongruent",632
"2248",33,57,"Incongruent",510
"2249",33,58,"Incongruent",623
"2250",33,59,"Congruent",459
"2251",33,60,"Congruent",739
"2252",33,61,"Incongruent",440
"2253",33,62,"Incongruent",625
"2254",34,0,"Incongruent",1292
"2255",34,1,"Congruent",429
"2256",34,2,"Incongruent",605
"2257",34,3,"Congruent",404
"2258",34,4,"Incongruent",637
"2259",34,5,"Incongruent",403
"2260",34,6,"Incongruent",441
"2261",34,7,"Congruent",404
"2262",34,8,"Congruent",441
"2263",34,9,"Congruent",433
"2264",34,10,"Incongruent",601
"2265",34,11,"Congruent",484
"2266",34,12,"Incongruent",462
"2267",34,13,"Incongruent",364
"2268",34,14,"Incongruent",371
"2269",34,15,"Congruent",586
"2270",34,16,"Incongruent",646
"2271",34,17,"Incongruent",615
"2272",34,18,"Incongruent",481
"2273",34,19,"Congruent",473
"2274",34,20,"Incongruent",461
"2275",34,21,"Incongruent",515
"2276",34,22,"Incongruent",438
"2277",34,23,"Incongruent",314
"2278",34,24,"Incongruent",604
"2279",34,25,"Incongruent",473
"2280",34,26,"Incongruent",530
"2281",34,27,"Congruent",533
"2282",34,28,"Incongruent",495
"2283",34,29,"Incongruent",638
"2284",34,30,"Congruent",525
"2285",34,31,"Incongruent",567
"2286",34,32,"Congruent",450
"2287",34,33,"Incongruent",513
"2288",34,34,"Incongruent",580
"2289",34,35,"Congruent",511
"2290",34,36,"Congruent",512
"2291",34,37,"Incongruent",586
"2292",34,38,"Incongruent",458
"2293",34,39,"Congruent",412
"2294",34,40,"Incongruent",488
"2295",34,41,"Congruent",429
"2296",34,42,"Incongruent",449
"2297",34,43,"Congruent",604
"2298",34,44,"Incongruent",424
"2299",34,45,"Incongruent",390
"2300",34,46,"Incongruent",430
"2301",34,47,"Congruent",549
"2302",34,48,"Incongruent",734
"2303",34,49,"Congruent",447
"2304",34,50,"Incongruent",492
"2305",34,51,"Incongruent",492
"2306",34,52,"Incongruent",502
"2307",34,53,"Congruent",445
"2308",34,54,"Incongruent",809
"2309",34,55,"Incongruent",424
"2310",34,56,"Incongruent",449
"2311",34,57,"Incongruent",584
"2312",34,58,"Congruent",532
"2313",34,59,"Incongruent",471
"2314",34,60,"Incongruent",557
"2315",34,61,"Congruent",385
"2316",34,62,"Incongruent",400
"2317",35,0,"Incongruent",1621
"2318",35,1,"Congruent",839
"2319",35,2,"Incongruent",846
"2320",35,3,"Incongruent",699
"2321",35,4,"Incongruent",954
"2322",35,5,"Incongruent",759
"2323",35,6,"Incongruent",791
"2324",35,7,"Congruent",639
"2325",35,8,"Incongruent",861
"2326",35,9,"Congruent",767
"2327",35,10,"Incongruent",762
"2328",35,11,"Congruent",724
"2329",35,12,"Incongruent",752
"2330",35,13,"Congruent",656
"2331",35,14,"Incongruent",1012
"2332",35,15,"Incongruent",1044
"2333",35,16,"Congruent",641
"2334",35,17,"Incongruent",825
"2335",35,18,"Congruent",554
"2336",35,19,"Congruent",621
"2337",35,20,"Incongruent",1070
"2338",35,21,"Incongruent",566
"2339",35,22,"Incongruent",763
"2340",35,23,"Incongruent",557
"2341",35,24,"Incongruent",471
"2342",35,25,"Congruent",669
"2343",35,26,"Incongruent",819
"2344",35,27,"Incongruent",694
"2345",35,28,"Incongruent",556
"2346",35,29,"Incongruent",437
"2347",35,30,"Congruent",583
"2348",35,31,"Congruent",642
"2349",35,32,"Incongruent",593
"2350",35,33,"Incongruent",559
"2351",35,34,"Congruent",609
"2352",35,35,"Incongruent",391
"2353",35,36,"Incongruent",380
"2354",35,37,"Incongruent",413
"2355",35,38,"Congruent",491
"2356",35,39,"Congruent",587
"2357",35,40,"Incongruent",544
"2358",35,41,"Incongruent",605
"2359",35,42,"Congruent",394
"2360",35,43,"Incongruent",506
"2361",35,44,"Incongruent",582
"2362",35,45,"Incongruent",561
"2363",35,46,"Incongruent",509
"2364",35,47,"Incongruent",596
"2365",35,48,"Incongruent",762
"2366",35,49,"Congruent",482
"2367",35,50,"Congruent",539
"2368",35,51,"Incongruent",1005
"2369",35,52,"Congruent",641
"2370",35,53,"Incongruent",847
"2371",35,55,"Congruent",1616
"2372",35,56,"Incongruent",671
"2373",35,57,"Incongruent",597
"2374",35,58,"Incongruent",920
"2375",35,59,"Congruent",716
"2376",35,60,"Congruent",443
"2377",35,61,"Incongruent",545
"2378",35,62,"Incongruent",691
"2379",37,0,"Congruent",1327
"2380",37,1,"Congruent",485
"2381",37,2,"Incongruent",385
"2382",37,3,"Incongruent",584
"2383",37,4,"Incongruent",494
"2384",37,5,"Congruent",417
"2385",37,6,"Incongruent",485
"2386",37,7,"Incongruent",387
"2387",37,8,"Congruent",446
"2388",37,9,"Incongruent",416
"2389",37,10,"Incongruent",534
"2390",37,11,"Congruent",432
"2391",37,12,"Incongruent",520
"2392",37,13,"Incongruent",658
"2393",37,14,"Incongruent",439
"2394",37,15,"Incongruent",629
"2395",37,16,"Congruent",525
"2396",37,18,"Congruent",713
"2397",37,19,"Incongruent",607
"2398",37,20,"Incongruent",554
"2399",37,21,"Incongruent",532
"2400",37,22,"Incongruent",498
"2401",37,23,"Congruent",510
"2402",37,24,"Incongruent",528
"2403",37,25,"Congruent",478
"2404",37,26,"Incongruent",540
"2405",37,27,"Incongruent",606
"2406",37,28,"Incongruent",690
"2407",37,29,"Incongruent",440
"2408",37,30,"Congruent",578
"2409",37,31,"Congruent",564
"2410",37,32,"Incongruent",631
"2411",37,33,"Congruent",588
"2412",37,34,"Incongruent",520
"2413",37,35,"Incongruent",443
"2414",37,36,"Incongruent",639
"2415",37,37,"Congruent",543
"2416",37,38,"Incongruent",569
"2417",37,39,"Congruent",549
"2418",37,40,"Incongruent",477
"2419",37,41,"Incongruent",543
"2420",37,42,"Congruent",501
"2421",37,43,"Incongruent",633
"2422",37,44,"Incongruent",655
"2423",37,45,"Congruent",633
"2424",37,46,"Incongruent",472
"2425",37,47,"Incongruent",473
"2426",37,48,"Incongruent",451
"2427",37,49,"Incongruent",465
"2428",37,50,"Incongruent",619
"2429",37,51,"Incongruent",655
"2430",37,52,"Congruent",516
"2431",37,53,"Incongruent",492
"2432",37,54,"Incongruent",591
"2433",37,55,"Incongruent",531
"2434",37,56,"Congruent",517
"2435",37,57,"Congruent",522
"2436",37,58,"Incongruent",508
"2437",37,59,"Congruent",429
"2438",37,60,"Congruent",495
"2439",37,61,"Incongruent",395
"2440",37,62,"Incongruent",480
"2441",39,0,"Incongruent",3621
"2442",39,1,"Incongruent",1099
"2443",39,2,"Congruent",474
"2444",39,3,"Incongruent",411
"2445",39,4,"Incongruent",436
"2446",39,5,"Incongruent",523
"2447",39,6,"Congruent",509
"2448",39,7,"Congruent",350
"2449",39,8,"Incongruent",303
"2450",39,9,"Congruent",578
"2451",39,10,"Incongruent",689
"2452",39,11,"Incongruent",431
"2453",39,12,"Incongruent",449
"2454",39,13,"Congruent",394
"2455",39,14,"Congruent",470
"2456",39,15,"Incongruent",315
"2457",39,16,"Incongruent",397
"2458",39,17,"Incongruent",606
"2459",39,18,"Incongruent",512
"2460",39,19,"Incongruent",443
"2461",39,20,"Incongruent",627
"2462",39,21,"Congruent",664
"2463",39,22,"Incongruent",370
"2464",39,23,"Incongruent",467
"2465",39,24,"Incongruent",454
"2466",39,25,"Congruent",442
"2467",39,26,"Congruent",492
"2468",39,27,"Incongruent",468
"2469",39,28,"Incongruent",493
"2470",39,29,"Congruent",373
"2471",39,30,"Congruent",473
"2472",39,31,"Incongruent",827
"2473",39,32,"Incongruent",653
"2474",39,33,"Incongruent",370
"2475",39,34,"Congruent",351
"2476",39,35,"Incongruent",534
"2477",39,36,"Congruent",440
"2478",39,37,"Incongruent",583
"2479",39,38,"Incongruent",394
"2480",39,39,"Incongruent",465
"2481",39,40,"Incongruent",378
"2482",39,41,"Congruent",335
"2483",39,43,"Incongruent",1242
"2484",39,44,"Incongruent",2313
"2485",39,45,"Incongruent",561
"2486",39,46,"Congruent",1084
"2487",39,47,"Incongruent",743
"2488",39,48,"Incongruent",1006
"2489",39,49,"Incongruent",676
"2490",39,50,"Congruent",458
"2491",39,51,"Incongruent",539
"2492",39,52,"Congruent",469
"2493",39,53,"Congruent",411
"2494",39,54,"Incongruent",453
"2495",39,55,"Incongruent",557
"2496",39,56,"Congruent",527
"2497",39,57,"Incongruent",528
"2498",39,58,"Incongruent",563
"2499",39,59,"Incongruent",670
"2500",39,60,"Congruent",404
"2501",39,61,"Incongruent",458
"2502",40,0,"Incongruent",4220
"2503",40,1,"Incongruent",704
"2504",40,2,"Incongruent",754
"2505",40,3,"Congruent",644
"2506",40,4,"Congruent",652
"2507",40,5,"Incongruent",869
"2508",40,6,"Congruent",656
"2509",40,7,"Congruent",733
"2510",40,9,"Congruent",926
"2511",40,10,"Incongruent",674
"2512",40,11,"Incongruent",728
"2513",40,12,"Incongruent",824
"2514",40,13,"Incongruent",722
"2515",40,14,"Incongruent",701
"2516",40,15,"Congruent",959
"2517",40,16,"Congruent",716
"2518",40,17,"Incongruent",1387
"2519",40,19,"Congruent",1708
"2520",40,20,"Incongruent",763
"2521",40,21,"Incongruent",759
"2522",40,23,"Congruent",880
"2523",40,24,"Incongruent",1260
"2524",40,25,"Congruent",650
"2525",40,27,"Incongruent",1227
"2526",40,28,"Incongruent",682
"2527",40,29,"Congruent",924
"2528",40,30,"Incongruent",919
"2529",40,31,"Incongruent",1012
"2530",40,32,"Congruent",602
"2531",40,33,"Incongruent",728
"2532",40,34,"Congruent",957
"2533",40,35,"Incongruent",843
"2534",40,36,"Incongruent",1720
"2535",40,37,"Incongruent",951
"2536",40,38,"Incongruent",804
"2537",40,39,"Incongruent",798
"2538",40,40,"Incongruent",774
"2539",40,41,"Congruent",414
"2540",40,42,"Congruent",616
"2541",40,43,"Incongruent",757
"2542",40,44,"Congruent",384
"2543",40,45,"Incongruent",748
"2544",40,46,"Incongruent",965
"2545",40,47,"Incongruent",874
"2546",40,48,"Congruent",1339
"2547",40,49,"Incongruent",723
"2548",40,50,"Incongruent",616
"2549",40,51,"Incongruent",457
"2550",40,52,"Incongruent",709
"2551",40,53,"Congruent",645
"2552",40,54,"Incongruent",899
"2553",40,55,"Congruent",486
"2554",40,56,"Incongruent",967
"2555",40,57,"Congruent",588
"2556",40,58,"Incongruent",868
"2557",40,59,"Congruent",937
"2558",40,60,"Incongruent",4111
"2559",40,61,"Incongruent",755
"2560",40,62,"Incongruent",719
"2561",41,0,"Incongruent",1327
"2562",41,1,"Incongruent",614
"2563",41,2,"Incongruent",713
"2564",41,3,"Congruent",638
"2565",41,4,"Congruent",468
"2566",41,5,"Incongruent",1164
"2567",41,6,"Congruent",658
"2568",41,7,"Incongruent",760
"2569",41,8,"Congruent",531
"2570",41,9,"Congruent",617
"2571",41,10,"Incongruent",731
"2572",41,11,"Incongruent",569
"2573",41,12,"Incongruent",532
"2574",41,13,"Incongruent",622
"2575",41,14,"Incongruent",514
"2576",41,15,"Incongruent",447
"2577",41,16,"Incongruent",454
"2578",41,17,"Incongruent",599
"2579",41,18,"Congruent",537
"2580",41,19,"Incongruent",500
"2581",41,20,"Incongruent",630
"2582",41,21,"Congruent",516
"2583",41,22,"Incongruent",706
"2584",41,23,"Congruent",459
"2585",41,24,"Congruent",562
"2586",41,25,"Incongruent",481
"2587",41,26,"Incongruent",603
"2588",41,27,"Congruent",407
"2589",41,28,"Incongruent",423
"2590",41,29,"Incongruent",670
"2591",41,30,"Incongruent",446
"2592",41,31,"Congruent",661
"2593",41,32,"Incongruent",557
"2594",41,33,"Congruent",532
"2595",41,34,"Incongruent",711
"2596",41,35,"Incongruent",462
"2597",41,36,"Congruent",463
"2598",41,37,"Incongruent",511
"2599",41,38,"Congruent",496
"2600",41,39,"Incongruent",561
"2601",41,40,"Incongruent",475
"2602",41,41,"Incongruent",501
"2603",41,42,"Congruent",450
"2604",41,43,"Incongruent",730
"2605",41,44,"Incongruent",437
"2606",41,45,"Incongruent",420
"2607",41,46,"Incongruent",538
"2608",41,47,"Incongruent",495
"2609",41,48,"Incongruent",383
"2610",41,49,"Incongruent",1620
"2611",41,50,"Congruent",699
"2612",41,51,"Congruent",546
"2613",41,52,"Congruent",484
"2614",41,53,"Incongruent",556
"2615",41,54,"Congruent",719
"2616",41,55,"Incongruent",800
"2617",41,56,"Incongruent",552
"2618",41,57,"Incongruent",630
"2619",41,58,"Congruent",499
"2620",41,59,"Incongruent",491
"2621",41,60,"Incongruent",479
"2622",41,61,"Congruent",405
"2623",41,62,"Incongruent",439
"2624",42,0,"Congruent",1098
"2625",42,1,"Congruent",496
"2626",42,2,"Incongruent",601
"2627",42,3,"Incongruent",534
"2628",42,4,"Incongruent",842
"2629",42,5,"Incongruent",587
"2630",42,6,"Incongruent",528
"2631",42,7,"Congruent",498
"2632",42,8,"Incongruent",356
"2633",42,9,"Incongruent",537
"2634",42,10,"Incongruent",474
"2635",42,11,"Incongruent",424
"2636",42,12,"Congruent",523
"2637",42,13,"Incongruent",579
"2638",42,14,"Congruent",528
"2639",42,15,"Incongruent",461
"2640",42,16,"Congruent",373
"2641",42,17,"Incongruent",349
"2642",42,18,"Incongruent",628
"2643",42,19,"Congruent",468
"2644",42,20,"Incongruent",426
"2645",42,21,"Congruent",603
"2646",42,22,"Incongruent",571
"2647",42,23,"Congruent",512
"2648",42,24,"Congruent",387
"2649",42,25,"Incongruent",433
"2650",42,26,"Incongruent",345
"2651",42,27,"Incongruent",654
"2652",42,28,"Incongruent",556
"2653",42,29,"Incongruent",520
"2654",42,30,"Congruent",486
"2655",42,31,"Incongruent",481
"2656",42,32,"Incongruent",491
"2657",42,33,"Congruent",563
"2658",42,34,"Incongruent",701
"2659",42,35,"Incongruent",661
"2660",42,36,"Congruent",530
"2661",42,37,"Incongruent",428
"2662",42,38,"Incongruent",612
"2663",42,39,"Incongruent",573
"2664",42,40,"Incongruent",697
"2665",42,41,"Incongruent",452
"2666",42,42,"Incongruent",396
"2667",42,43,"Congruent",534
"2668",42,44,"Incongruent",361
"2669",42,45,"Congruent",592
"2670",42,46,"Incongruent",531
"2671",42,47,"Congruent",437
"2672",42,48,"Congruent",364
"2673",42,49,"Congruent",562
"2674",42,50,"Incongruent",548
"2675",42,51,"Incongruent",481
"2676",42,52,"Incongruent",508
"2677",42,53,"Incongruent",478
"2678",42,54,"Incongruent",542
"2679",42,55,"Incongruent",516
"2680",42,56,"Incongruent",531
"2681",42,57,"Incongruent",400
"2682",42,58,"Incongruent",614
"2683",42,59,"Incongruent",554
"2684",42,60,"Congruent",445
"2685",42,61,"Congruent",593
"2686",42,62,"Congruent",544
"2687",43,0,"Congruent",1550
"2688",43,1,"Congruent",773
"2689",43,2,"Incongruent",681
"2690",43,3,"Incongruent",560
"2691",43,4,"Incongruent",557
"2692",43,5,"Incongruent",655
"2693",43,6,"Incongruent",590
"2694",43,7,"Incongruent",700
"2695",43,8,"Incongruent",694
"2696",43,9,"Incongruent",669
"2697",43,10,"Congruent",478
"2698",43,11,"Incongruent",695
"2699",43,12,"Incongruent",593
"2700",43,13,"Incongruent",446
"2701",43,14,"Congruent",748
"2702",43,15,"Congruent",750
"2703",43,16,"Incongruent",726
"2704",43,17,"Incongruent",634
"2705",43,18,"Incongruent",618
"2706",43,19,"Incongruent",894
"2707",43,20,"Congruent",673
"2708",43,21,"Incongruent",633
"2709",43,22,"Congruent",592
"2710",43,23,"Congruent",735
"2711",43,24,"Congruent",582
"2712",43,25,"Incongruent",546
"2713",43,26,"Incongruent",498
"2714",43,27,"Incongruent",675
"2715",43,28,"Incongruent",449
"2716",43,29,"Incongruent",595
"2717",43,30,"Congruent",606
"2718",43,31,"Congruent",523
"2719",43,32,"Incongruent",781
"2720",43,33,"Incongruent",741
"2721",43,34,"Incongruent",621
"2722",43,35,"Congruent",889
"2723",43,36,"Incongruent",776
"2724",43,37,"Incongruent",456
"2725",43,38,"Incongruent",584
"2726",43,39,"Congruent",433
"2727",43,40,"Congruent",636
"2728",43,41,"Incongruent",545
"2729",43,42,"Congruent",631
"2730",43,43,"Incongruent",521
"2731",43,44,"Incongruent",763
"2732",43,45,"Incongruent",866
"2733",43,46,"Incongruent",669
"2734",43,47,"Incongruent",508
"2735",43,48,"Congruent",838
"2736",43,49,"Congruent",517
"2737",43,50,"Incongruent",577
"2738",43,51,"Incongruent",508
"2739",43,52,"Congruent",542
"2740",43,53,"Incongruent",598
"2741",43,55,"Congruent",1510
"2742",43,56,"Congruent",800
"2743",43,57,"Incongruent",553
"2744",43,58,"Incongruent",657
"2745",43,59,"Congruent",743
"2746",43,60,"Incongruent",615
"2747",43,61,"Incongruent",707
"2748",43,62,"Incongruent",609
"2749",44,0,"Incongruent",1438
"2750",44,1,"Incongruent",559
"2751",44,2,"Incongruent",638
"2752",44,3,"Incongruent",588
"2753",44,4,"Congruent",576
"2754",44,5,"Incongruent",619
"2755",44,6,"Congruent",429
"2756",44,7,"Congruent",396
"2757",44,8,"Incongruent",676
"2758",44,9,"Incongruent",604
"2759",44,10,"Incongruent",759
"2760",44,11,"Congruent",435
"2761",44,12,"Congruent",576
"2762",44,13,"Incongruent",492
"2763",44,14,"Incongruent",539
"2764",44,15,"Incongruent",584
"2765",44,16,"Incongruent",556
"2766",44,17,"Congruent",651
"2767",44,18,"Incongruent",563
"2768",44,19,"Congruent",471
"2769",44,20,"Incongruent",623
"2770",44,21,"Incongruent",553
"2771",44,22,"Congruent",532
"2772",44,23,"Incongruent",631
"2773",44,24,"Incongruent",548
"2774",44,25,"Congruent",599
"2775",44,26,"Congruent",547
"2776",44,27,"Incongruent",652
"2777",44,28,"Incongruent",505
"2778",44,29,"Congruent",506
"2779",44,30,"Incongruent",394
"2780",44,31,"Incongruent",507
"2781",44,32,"Incongruent",500
"2782",44,33,"Congruent",565
"2783",44,34,"Incongruent",424
"2784",44,35,"Incongruent",446
"2785",44,36,"Incongruent",425
"2786",44,37,"Congruent",423
"2787",44,38,"Congruent",660
"2788",44,39,"Congruent",615
"2789",44,40,"Incongruent",611
"2790",44,41,"Incongruent",514
"2791",44,42,"Incongruent",580
"2792",44,43,"Incongruent",468
"2793",44,44,"Incongruent",580
"2794",44,45,"Incongruent",520
"2795",44,46,"Congruent",684
"2796",44,47,"Incongruent",520
"2797",44,48,"Incongruent",740
"2798",44,49,"Congruent",453
"2799",44,50,"Incongruent",596
"2800",44,51,"Incongruent",510
"2801",44,52,"Incongruent",561
"2802",44,53,"Congruent",691
"2803",44,54,"Congruent",545
"2804",44,55,"Incongruent",604
"2805",44,56,"Incongruent",653
"2806",44,57,"Congruent",556
"2807",44,58,"Incongruent",606
"2808",44,59,"Incongruent",572
"2809",44,60,"Congruent",629
"2810",44,61,"Incongruent",778
"2811",44,62,"Incongruent",732
"2812",46,0,"Incongruent",1315
"2813",46,1,"Congruent",512
"2814",46,2,"Incongruent",522
"2815",46,3,"Incongruent",460
"2816",46,4,"Incongruent",556
"2817",46,5,"Incongruent",480
"2818",46,6,"Congruent",605
"2819",46,7,"Congruent",669
"2820",46,8,"Incongruent",467
"2821",46,9,"Incongruent",470
"2822",46,10,"Incongruent",518
"2823",46,11,"Incongruent",392
"2824",46,12,"Congruent",487
"2825",46,13,"Incongruent",375
"2826",46,14,"Congruent",549
"2827",46,15,"Incongruent",480
"2828",46,16,"Congruent",552
"2829",46,17,"Incongruent",651
"2830",46,18,"Incongruent",625
"2831",46,19,"Congruent",604
"2832",46,20,"Incongruent",706
"2833",46,21,"Incongruent",486
"2834",46,22,"Incongruent",572
"2835",46,23,"Congruent",635
"2836",46,24,"Congruent",582
"2837",46,25,"Incongruent",634
"2838",46,26,"Congruent",477
"2839",46,27,"Incongruent",578
"2840",46,28,"Congruent",676
"2841",46,29,"Incongruent",546
"2842",46,30,"Incongruent",622
"2843",46,31,"Incongruent",555
"2844",46,32,"Incongruent",653
"2845",46,33,"Incongruent",642
"2846",46,34,"Congruent",644
"2847",46,35,"Congruent",507
"2848",46,36,"Incongruent",601
"2849",46,37,"Incongruent",532
"2850",46,38,"Congruent",558
"2851",46,39,"Incongruent",388
"2852",46,40,"Incongruent",522
"2853",46,41,"Incongruent",444
"2854",46,42,"Congruent",531
"2855",46,43,"Incongruent",556
"2856",46,44,"Incongruent",642
"2857",46,45,"Congruent",565
"2858",46,46,"Congruent",434
"2859",46,47,"Incongruent",627
"2860",46,48,"Incongruent",638
"2861",46,49,"Incongruent",669
"2862",46,50,"Incongruent",561
"2863",46,51,"Incongruent",547
"2864",46,52,"Incongruent",543
"2865",46,53,"Incongruent",473
"2866",46,54,"Congruent",556
"2867",46,55,"Incongruent",628
"2868",46,56,"Congruent",461
"2869",46,57,"Incongruent",642
"2870",46,58,"Congruent",449
"2871",46,59,"Congruent",559
"2872",46,60,"Incongruent",562
"2873",46,61,"Incongruent",539
"2874",46,62,"Incongruent",551
"2875",47,0,"Congruent",2321
"2876",47,1,"Congruent",1227
"2877",47,2,"Incongruent",1115
"2878",47,3,"Incongruent",836
"2879",47,4,"Incongruent",578
"2880",47,5,"Incongruent",679
"2881",47,6,"Incongruent",880
"2882",47,7,"Incongruent",956
"2883",47,8,"Congruent",612
"2884",47,9,"Incongruent",696
"2885",47,10,"Congruent",758
"2886",47,11,"Incongruent",942
"2887",47,13,"Congruent",881
"2888",47,14,"Congruent",728
"2889",47,15,"Congruent",859
"2890",47,16,"Incongruent",782
"2891",47,17,"Incongruent",927
"2892",47,18,"Incongruent",738
"2893",47,19,"Congruent",642
"2894",47,21,"Incongruent",1105
"2895",47,22,"Incongruent",761
"2896",47,23,"Incongruent",562
"2897",47,24,"Congruent",646
"2898",47,25,"Incongruent",714
"2899",47,26,"Incongruent",873
"2900",47,27,"Incongruent",667
"2901",47,28,"Incongruent",1179
"2902",47,29,"Congruent",532
"2903",47,30,"Congruent",543
"2904",47,31,"Incongruent",674
"2905",47,32,"Incongruent",656
"2906",47,33,"Incongruent",548
"2907",47,34,"Congruent",495
"2908",47,35,"Incongruent",792
"2909",47,36,"Incongruent",601
"2910",47,37,"Incongruent",666
"2911",47,38,"Incongruent",650
"2912",47,39,"Congruent",688
"2913",47,40,"Incongruent",557
"2914",47,41,"Congruent",593
"2915",47,42,"Incongruent",455
"2916",47,43,"Congruent",397
"2917",47,44,"Incongruent",514
"2918",47,45,"Incongruent",537
"2919",47,46,"Congruent",450
"2920",47,47,"Incongruent",403
"2921",47,48,"Congruent",344
"2922",47,49,"Incongruent",578
"2923",47,50,"Incongruent",772
"2924",47,51,"Incongruent",621
"2925",47,52,"Incongruent",425
"2926",47,53,"Incongruent",544
"2927",47,54,"Congruent",500
"2928",47,55,"Congruent",506
"2929",47,56,"Congruent",582
"2930",47,57,"Incongruent",481
"2931",47,58,"Incongruent",474
"2932",47,59,"Incongruent",641
"2933",47,60,"Congruent",472
"2934",47,61,"Incongruent",511
"2935",47,62,"Incongruent",906
"2936",49,0,"Incongruent",896
"2937",49,1,"Congruent",487
"2938",49,2,"Incongruent",432
"2939",49,3,"Congruent",429
"2940",49,4,"Incongruent",542
"2941",49,5,"Congruent",519
"2942",49,6,"Incongruent",403
"2943",49,7,"Incongruent",454
"2944",49,8,"Incongruent",416
"2945",49,9,"Incongruent",501
"2946",49,10,"Congruent",362
"2947",49,11,"Incongruent",384
"2948",49,12,"Incongruent",372
"2949",49,13,"Incongruent",332
"2950",49,16,"Congruent",551
"2951",49,17,"Incongruent",569
"2952",49,18,"Incongruent",414
"2953",49,19,"Incongruent",535
"2954",49,20,"Incongruent",717
"2955",49,21,"Congruent",430
"2956",49,22,"Incongruent",373
"2957",49,23,"Congruent",539
"2958",49,24,"Incongruent",350
"2959",49,25,"Incongruent",430
"2960",49,26,"Incongruent",510
"2961",49,27,"Congruent",491
"2962",49,28,"Incongruent",452
"2963",49,29,"Congruent",417
"2964",49,30,"Congruent",392
"2965",49,31,"Congruent",446
"2966",49,32,"Incongruent",355
"2967",49,33,"Incongruent",380
"2968",49,34,"Incongruent",528
"2969",49,35,"Incongruent",532
"2970",49,36,"Incongruent",454
"2971",49,37,"Incongruent",530
"2972",49,38,"Congruent",384
"2973",49,39,"Congruent",487
"2974",49,40,"Incongruent",361
"2975",49,41,"Incongruent",527
"2976",49,42,"Incongruent",436
"2977",49,43,"Congruent",351
"2978",49,44,"Incongruent",488
"2979",49,45,"Incongruent",501
"2980",49,46,"Congruent",450
"2981",49,47,"Incongruent",395
"2982",49,48,"Congruent",480
"2983",49,49,"Incongruent",561
"2984",49,50,"Congruent",571
"2985",49,51,"Congruent",429
"2986",49,52,"Incongruent",472
"2987",49,53,"Incongruent",521
"2988",49,54,"Incongruent",502
"2989",49,55,"Congruent",527
"2990",49,56,"Incongruent",346
"2991",49,57,"Incongruent",399
"2992",49,58,"Incongruent",525
"2993",49,59,"Incongruent",504
"2994",49,60,"Incongruent",494
"2995",49,61,"Incongruent",417
"2996",49,62,"Congruent",418
"2997",50,0,"Incongruent",1149
"2998",50,1,"Incongruent",588
"2999",50,2,"Incongruent",462
"3000",50,3,"Incongruent",531
"3001",50,4,"Congruent",558
"3002",50,5,"Congruent",494
"3003",50,6,"Incongruent",557
"3004",50,7,"Congruent",481
"3005",50,8,"Congruent",428
"3006",50,9,"Incongruent",461
"3007",50,10,"Incongruent",451
"3008",50,11,"Incongruent",615
"3009",50,12,"Incongruent",348
"3010",50,13,"Incongruent",553
"3011",50,15,"Congruent",625
"3012",50,16,"Incongruent",521
"3013",50,17,"Incongruent",456
"3014",50,18,"Incongruent",556
"3015",50,19,"Incongruent",411
"3016",50,20,"Congruent",433
"3017",50,21,"Congruent",582
"3018",50,22,"Incongruent",540
"3019",50,23,"Congruent",428
"3020",50,24,"Incongruent",419
"3021",50,25,"Incongruent",634
"3022",50,26,"Congruent",466
"3023",50,27,"Incongruent",403
"3024",50,28,"Congruent",382
"3025",50,29,"Congruent",576
"3026",50,30,"Incongruent",394
"3027",50,31,"Incongruent",451
"3028",50,32,"Incongruent",495
"3029",50,33,"Congruent",515
"3030",50,34,"Incongruent",420
"3031",50,35,"Incongruent",699
"3032",50,36,"Congruent",609
"3033",50,37,"Incongruent",440
"3034",50,38,"Incongruent",780
"3035",50,39,"Incongruent",623
"3036",50,40,"Congruent",572
"3037",50,41,"Incongruent",525
"3038",50,42,"Incongruent",548
"3039",50,43,"Congruent",504
"3040",50,44,"Incongruent",445
"3041",50,45,"Incongruent",715
"3042",50,46,"Incongruent",516
"3043",50,47,"Incongruent",622
"3044",50,48,"Congruent",506
"3045",50,49,"Incongruent",612
"3046",50,50,"Incongruent",471
"3047",50,51,"Congruent",592
"3048",50,52,"Congruent",581
"3049",50,53,"Incongruent",431
"3050",50,54,"Incongruent",754
"3051",50,55,"Incongruent",464
"3052",50,56,"Incongruent",560
"3053",50,57,"Incongruent",576
"3054",50,58,"Congruent",386
"3055",50,59,"Incongruent",376
"3056",50,60,"Congruent",472
"3057",50,61,"Congruent",471
"3058",50,62,"Incongruent",745
